PassengerId,Pclass,Sex,Age,SibSp,Parch,Fare,Is_Married,Title_Dr/Military/Noble/Clergy,Title_Master,Title_Miss/Mrs/Ms,Title_Mr,Ticket_Frequency,Embarked_C,Embarked_Q,Embarked_S,Deck_ABC,Deck_DE,Deck_FG,Deck_M,Family Size,Family_Size_Grouped
892,3,0,7,0,0,2,0,0,0,0,1,1,0,1,0,0,0,0,1,1,0
893,3,1,8,1,0,0,1,0,0,1,0,1,0,0,1,0,0,0,1,2,3
894,2,0,9,0,0,4,0,0,0,0,1,1,0,1,0,0,0,0,1,1,0
895,3,0,5,0,0,4,0,0,0,0,1,1,0,0,1,0,0,0,1,1,0
896,3,1,2,1,1,5,1,0,0,1,0,1,0,0,1,0,0,0,1,3,3
897,3,0,0,0,0,4,0,0,0,0,1,1,0,0,1,0,0,0,1,1,0
898,3,1,6,0,0,1,0,0,0,1,0,1,0,1,0,0,0,0,1,1,0
899,2,0,5,1,1,9,0,0,0,0,1,1,0,0,1,0,0,0,1,3,3
900,3,1,0,0,0,0,1,0,0,1,0,1,1,0,0,0,0,0,1,1,0
901,3,0,1,2,0,8,0,0,0,0,1,1,0,0,1,0,0,0,1,3,3
902,3,0,3,0,0,3,0,0,0,0,1,1,0,0,1,0,0,0,1,1,0
903,1,0,8,0,0,8,0,0,0,0,1,1,0,0,1,0,0,0,1,1,0
904,1,1,2,1,0,11,1,0,0,1,0,2,0,0,1,1,0,0,0,2,3
905,2,0,9,1,0,8,0,0,0,0,1,2,0,0,1,0,0,0,1,2,3
906,1,1,8,1,0,11,1,0,0,1,0,1,0,0,1,0,1,0,0,2,3
907,2,1,3,1,0,9,1,0,0,1,0,1,1,0,0,0,0,0,1,2,3
908,2,0,7,0,0,5,0,0,0,0,1,1,0,1,0,0,0,0,1,1,0
909,3,0,1,0,0,0,0,0,0,0,1,1,1,0,0,0,0,0,1,1,0
910,3,1,5,1,0,3,0,0,0,1,0,1,0,0,1,0,0,0,1,2,3
911,3,1,8,0,0,0,1,0,0,1,0,1,1,0,0,0,0,0,1,1,0
912,1,0,9,1,0,10,0,0,0,0,1,1,1,0,0,0,0,0,1,2,3
913,3,0,0,0,1,0,0,0,1,0,0,1,0,0,1,0,0,0,1,2,3
914,1,1,7,0,0,9,1,0,0,1,0,1,0,0,1,0,0,0,1,1,0
915,1,0,1,0,1,11,0,0,0,0,1,1,1,0,0,0,0,0,1,2,3
916,1,1,8,1,3,12,1,0,0,1,0,5,1,0,0,1,0,0,0,5,2
917,3,0,9,1,0,6,0,0,0,0,1,1,0,0,1,0,0,0,1,2,3
918,1,1,2,0,1,11,0,0,0,1,0,1,1,0,0,1,0,0,0,2,3
919,3,0,2,0,0,0,0,0,0,0,1,1,1,0,0,0,0,0,1,1,0
920,1,0,7,0,0,9,0,0,0,0,1,1,0,0,1,1,0,0,0,1,0
921,3,0,3,2,0,7,0,0,0,0,1,2,1,0,0,0,0,0,1,3,3
922,2,0,9,1,0,8,0,0,0,0,1,1,0,0,1,0,0,0,1,2,3
923,2,0,3,2,0,9,0,0,0,0,1,3,0,0,1,0,0,0,1,3,3
924,3,1,6,1,2,7,1,0,0,1,0,2,0,0,1,0,0,0,1,4,3
925,3,1,2,1,2,8,1,0,0,1,0,2,0,0,1,0,0,0,1,4,3
926,1,0,6,1,0,10,0,0,0,0,1,2,1,0,0,1,0,0,0,2,3
927,3,0,1,0,0,0,0,0,0,0,1,1,1,0,0,0,0,0,1,1,0
928,3,1,2,0,0,3,0,0,0,1,0,1,0,0,1,0,0,0,1,1,0
929,3,1,1,0,0,4,0,0,0,1,0,1,0,0,1,0,0,0,1,1,0
930,3,0,4,0,0,4,0,0,0,0,1,1,0,0,1,0,0,0,1,1,0
931,3,0,3,0,0,10,0,0,0,0,1,1,0,0,1,0,0,0,1,1,0
932,3,0,7,0,1,6,0,0,0,0,1,1,1,0,0,0,0,0,1,2,3
933,1,0,8,0,0,8,0,0,0,0,1,1,0,0,1,0,1,0,0,1,0
934,3,0,7,0,0,2,0,0,0,0,1,1,0,0,1,0,0,0,1,1,0
935,2,1,6,0,0,5,1,0,0,1,0,1,0,0,1,0,0,0,1,1,0
936,1,1,8,1,0,10,1,0,0,1,0,1,0,0,1,0,1,0,0,2,3
937,3,0,4,0,0,3,0,0,0,0,1,1,0,0,1,0,0,0,1,1,0
938,1,0,8,0,0,9,0,0,0,0,1,1,1,0,0,1,0,0,0,1,0
939,3,0,3,0,0,1,0,0,0,0,1,1,0,1,0,0,0,0,1,1,0
940,1,1,9,0,0,11,1,0,0,1,0,1,1,0,0,0,1,0,0,1,0
941,3,1,7,0,2,7,1,0,0,1,0,1,0,0,1,0,0,0,1,3,3
942,1,0,3,1,0,11,0,0,0,0,1,2,0,0,1,1,0,0,0,2,3
943,2,0,5,0,0,6,0,0,0,0,1,1,1,0,0,0,0,0,1,1,0
944,2,1,1,2,1,8,0,0,0,1,0,1,0,0,1,0,0,0,1,4,3
945,1,1,5,3,2,12,0,0,0,1,0,2,0,0,1,1,0,0,0,6,2
946,2,0,5,0,0,7,0,0,0,0,1,1,1,0,0,0,0,0,1,1,0
947,3,0,0,4,1,9,0,0,1,0,0,1,0,1,0,0,0,0,1,6,2
948,3,0,7,0,0,3,0,0,0,0,1,1,0,0,1,0,0,0,1,1,0
949,3,0,4,0,0,1,0,0,0,0,1,1,0,0,1,0,0,1,0,1,0
950,3,0,3,1,0,7,0,0,0,0,1,1,0,0,1,0,0,0,1,2,3
951,1,1,7,0,0,12,0,0,0,1,0,5,1,0,0,1,0,0,0,1,0
952,3,0,0,0,0,3,0,0,0,0,1,1,0,0,1,0,0,0,1,1,0
953,2,0,6,0,0,6,0,0,0,0,1,1,0,0,1,0,0,0,1,1,0
954,3,0,0,0,0,1,0,0,0,0,1,1,0,0,1,0,0,0,1,1,0
955,3,1,2,0,0,1,0,0,0,1,0,1,0,1,0,0,0,0,1,1,0
956,1,0,0,2,2,12,0,0,1,0,0,5,1,0,0,1,0,0,0,5,2
957,2,1,3,0,0,7,1,0,0,1,0,2,0,0,1,0,0,0,1,1,0
958,3,1,0,0,0,2,0,0,0,1,0,1,0,1,0,0,0,0,1,1,0
959,1,0,8,0,0,10,0,0,0,0,1,1,0,0,1,0,0,0,1,1,0
960,1,0,6,0,0,9,0,0,0,0,1,1,1,0,0,1,0,0,0,1,0
961,1,1,9,1,4,12,1,0,0,1,0,2,0,0,1,1,0,0,0,6,2
962,3,1,3,0,0,1,0,0,0,1,0,1,0,1,0,0,0,0,1,1,0
963,3,0,1,0,0,3,0,0,0,0,1,1,0,0,1,0,0,0,1,1,0
964,3,1,6,0,0,3,0,0,0,1,0,1,0,0,1,0,0,0,1,1,0
965,1,0,6,0,0,9,0,0,0,0,1,1,1,0,0,0,1,0,0,1,0
966,1,1,7,0,0,12,0,0,0,1,0,4,1,0,0,1,0,0,0,1,0
967,1,0,6,0,0,12,0,0,0,0,1,4,1,0,0,1,0,0,0,1,0
968,3,0,3,0,0,3,0,0,0,0,1,1,0,0,1,0,0,0,1,1,0
969,1,1,9,2,0,8,1,0,0,1,0,1,0,0,1,1,0,0,0,3,3
970,2,0,6,0,0,5,0,0,0,0,1,1,0,0,1,0,0,0,1,1,0
971,3,1,3,0,0,1,0,0,0,1,0,1,0,1,0,0,0,0,1,1,0
972,3,0,0,1,1,6,0,0,1,0,0,1,1,0,0,0,0,0,1,3,3
973,1,0,9,1,0,12,0,0,0,0,1,3,0,0,1,1,0,0,0,2,3
974,1,0,9,0,0,8,0,0,0,0,1,1,0,0,1,0,0,0,1,1,0
975,3,0,3,0,0,3,0,0,0,0,1,1,0,0,1,0,0,0,1,1,0
976,2,0,5,0,0,5,0,0,0,0,1,1,0,1,0,0,0,0,1,1,0
977,3,0,3,1,0,6,0,0,0,0,1,2,1,0,0,0,0,0,1,2,3
978,3,1,5,0,0,2,0,0,0,1,0,1,0,1,0,0,0,0,1,1,0
979,3,1,0,0,0,3,0,0,0,1,0,1,0,0,1,0,0,0,1,1,0
980,3,1,2,0,0,1,0,0,0,1,0,1,0,1,0,0,0,0,1,1,0
981,2,0,0,1,1,8,0,0,1,0,0,2,0,0,1,0,0,0,1,3,3
982,3,1,2,1,0,6,1,0,0,1,0,2,0,0,1,0,0,0,1,2,3
983,3,0,3,0,0,2,0,0,0,0,1,1,0,0,1,0,0,0,1,1,0
984,1,1,5,1,2,10,1,0,0,1,0,1,0,0,1,1,0,0,0,4,3
985,3,0,3,0,0,3,0,0,0,0,1,1,0,0,1,0,0,0,1,1,0
986,1,0,4,0,0,8,0,0,0,0,1,1,1,0,0,0,0,0,1,1,0
987,3,0,4,0,0,2,0,0,0,0,1,1,0,0,1,0,0,0,1,1,0
988,1,1,9,1,0,11,1,0,0,1,0,1,0,0,1,1,0,0,0,2,3
989,3,0,6,0,0,3,0,0,0,0,1,1,0,0,1,0,0,0,1,1,0
990,3,1,1,0,0,2,0,0,0,1,0,1,0,0,1,0,0,0,1,1,0
991,3,0,6,0,0,3,0,0,0,0,1,1,0,0,1,0,0,0,1,1,0
992,1,1,8,1,0,10,1,0,0,1,0,2,1,0,0,1,0,0,0,2,3
993,2,0,5,1,0,8,0,0,0,0,1,1,0,0,1,0,0,0,1,2,3
994,3,0,3,0,0,1,0,0,0,0,1,1,0,1,0,0,0,0,1,1,0
995,3,0,5,0,0,2,0,0,0,0,1,1,0,0,1,0,0,0,1,1,0
996,3,1,0,1,1,4,1,0,0,1,0,1,1,0,0,0,0,0,1,3,3
997,3,0,5,0,0,7,0,0,0,0,1,2,0,0,1,0,0,0,1,1,0
998,3,0,1,0,0,2,0,0,0,0,1,1,0,1,0,0,0,0,1,1,0
999,3,0,3,0,0,1,0,0,0,0,1,1,0,1,0,0,0,0,1,1,0
1000,3,0,3,0,0,4,0,0,0,0,1,1,0,0,1,0,0,0,1,1,0
1001,2,0,1,0,0,5,0,0,0,0,1,1,0,0,1,0,0,1,0,1,0
1002,2,0,7,0,0,6,0,0,0,0,1,1,1,0,0,0,0,0,1,1,0
1003,3,1,2,0,0,2,0,0,0,1,0,1,0,1,0,0,0,0,1,1,0
1004,1,1,7,0,0,9,0,0,0,1,0,1,1,0,0,1,0,0,0,1,0
1005,3,1,1,0,0,1,0,0,0,1,0,1,0,1,0,0,0,0,1,1,0
1006,1,1,9,1,0,12,1,0,0,1,0,3,0,0,1,1,0,0,0,2,3
1007,3,0,0,1,0,6,0,0,0,0,1,1,1,0,0,0,0,0,1,2,3
1008,3,0,3,0,0,0,0,0,0,0,1,1,1,0,0,0,0,0,1,1,0
1009,3,1,0,1,1,7,0,0,0,1,0,1,0,0,1,0,0,1,0,3,3
1010,1,0,7,0,0,11,0,0,0,0,1,2,1,0,0,1,0,0,0,1,0
1011,2,1,6,1,0,8,1,0,0,1,0,1,0,0,1,0,0,0,1,2,3
1012,2,1,0,0,0,7,0,0,0,1,0,1,0,0,1,0,0,0,1,1,0
1013,3,0,3,1,0,1,0,0,0,0,1,1,0,1,0,0,0,0,1,2,3
1014,1,1,7,1,0,10,1,0,0,1,0,2,1,0,0,1,0,0,0,2,3
1015,3,0,5,0,0,0,0,0,0,0,1,1,0,0,1,0,0,0,1,1,0
1016,3,0,3,0,0,1,0,0,0,0,1,1,0,1,0,0,0,0,1,1,0
1017,3,1,0,0,1,7,0,0,0,1,0,1,0,0,1,0,0,0,1,2,3
1018,3,0,2,0,0,2,0,0,0,0,1,1,0,0,1,0,0,0,1,1,0
1019,3,1,2,2,0,8,0,0,0,1,0,1,0,1,0,0,0,0,1,3,3
1020,2,0,8,0,0,5,0,0,0,0,1,1,0,0,1,0,0,0,1,1,0
1021,3,0,3,0,0,3,0,0,0,0,1,1,0,0,1,0,0,0,1,1,0
1022,3,0,6,0,0,3,0,0,0,0,1,1,0,0,1,0,0,0,1,1,0
1023,1,0,9,0,0,9,0,1,0,0,0,1,1,0,0,1,0,0,0,1,0
1024,3,1,2,0,4,8,1,0,0,1,0,1,0,0,1,0,0,0,1,5,2
1025,3,0,3,1,0,0,0,0,0,0,1,1,1,0,0,0,0,0,1,2,3
1026,3,0,8,0,0,3,0,0,0,0,1,1,0,0,1,0,0,0,1,1,0
1027,3,0,3,0,0,2,0,0,0,0,1,1,0,0,1,0,0,0,1,1,0
1028,3,0,5,0,0,0,0,0,0,0,1,1,1,0,0,0,0,0,1,1,0
1029,2,0,5,0,0,5,0,0,0,0,1,1,0,0,1,0,0,0,1,1,0
1030,3,1,2,0,0,3,0,0,0,1,0,1,0,0,1,0,0,0,1,1,0
1031,3,0,7,1,6,10,0,0,0,0,1,2,0,0,1,0,0,0,1,8,1
1032,3,1,0,5,2,10,0,0,0,1,0,2,0,0,1,0,0,0,1,8,1
1033,1,1,6,0,0,12,0,0,0,1,0,2,0,0,1,0,0,0,1,1,0
1034,1,0,9,1,3,12,0,0,0,0,1,5,1,0,0,1,0,0,0,5,2
1035,2,0,5,0,0,8,0,0,0,0,1,1,0,0,1,0,0,0,1,1,0
1036,1,0,8,0,0,8,0,0,0,0,1,1,0,0,1,0,0,0,1,1,0
1037,3,0,6,3,0,7,0,0,0,0,1,1,0,0,1,0,0,0,1,4,3
1038,1,0,8,0,0,10,0,0,0,0,1,1,0,0,1,0,1,0,0,1,0
1039,3,0,2,0,0,3,0,0,0,0,1,1,0,0,1,0,0,0,1,1,0
1040,1,0,8,0,0,8,0,0,0,0,1,1,0,0,1,0,0,0,1,1,0
1041,2,0,6,1,1,8,0,1,0,0,0,1,0,0,1,0,0,0,1,3,3
1042,1,1,2,0,1,11,1,0,0,1,0,1,1,0,0,1,0,0,0,2,3
1043,3,0,3,0,0,3,0,0,0,0,1,1,1,0,0,0,0,0,1,1,0
1044,3,0,9,0,0,5,0,0,0,0,1,1,0,0,1,0,0,0,1,1,0
1045,3,1,7,0,2,5,1,0,0,1,0,2,0,0,1,0,0,0,1,3,3
1046,3,0,0,4,2,9,0,0,1,0,0,3,0,0,1,0,0,0,1,7,1
1047,3,0,3,0,0,1,0,0,0,0,1,1,0,0,1,0,0,0,1,1,0
1048,1,1,6,0,0,12,0,0,0,1,0,3,0,0,1,1,0,0,0,1,0
1049,3,1,2,0,0,2,0,0,0,1,0,1,0,0,1,0,0,0,1,1,0
1050,1,0,8,0,0,8,0,0,0,0,1,1,0,0,1,0,1,0,0,1,0
1051,3,1,5,0,2,6,1,0,0,1,0,3,0,0,1,0,0,0,1,3,3
1052,3,1,2,0,0,1,0,0,0,1,0,1,0,1,0,0,0,0,1,1,0
1053,3,0,0,1,1,6,0,0,1,0,0,2,1,0,0,0,0,0,1,3,3
1054,2,1,5,0,0,6,0,0,0,1,0,1,0,0,1,0,0,0,1,1,0
1055,3,0,3,0,0,0,0,0,0,0,1,1,0,0,1,0,0,0,1,1,0
1056,2,0,7,0,0,5,0,1,0,0,0,1,0,0,1,0,0,0,1,1,0
1057,3,1,5,1,1,7,1,0,0,1,0,2,0,0,1,0,0,0,1,3,3
1058,1,0,8,0,0,10,0,0,0,0,1,1,1,0,0,1,0,0,0,1,0
1059,3,0,0,2,2,9,0,0,0,0,1,1,0,0,1,0,0,0,1,5,2
1060,1,1,7,0,0,9,1,0,0,1,0,1,1,0,0,0,0,0,1,1,0
1061,3,1,2,0,0,4,0,0,0,1,0,1,0,0,1,0,0,0,1,1,0
1062,3,0,3,0,0,1,0,0,0,0,1,1,0,0,1,0,0,0,1,1,0
1063,3,0,5,0,0,0,0,0,0,0,1,1,1,0,0,0,0,0,1,1,0
1064,3,0,2,1,0,6,0,0,0,0,1,2,0,0,1,0,0,0,1,2,3
1065,3,0,3,0,0,0,0,0,0,0,1,1,1,0,0,0,0,0,1,1,0
1066,3,0,7,1,5,9,0,0,0,0,1,3,0,0,1,0,0,0,1,7,1
1067,2,1,0,0,2,10,0,0,0,1,0,1,0,0,1,0,0,0,1,3,3
1068,2,1,1,0,0,10,0,0,0,1,0,2,0,0,1,0,0,0,1,1,0
1069,1,0,9,1,0,10,0,0,0,0,1,2,1,0,0,1,0,0,0,2,3
1070,2,1,7,0,3,10,1,0,0,1,0,2,0,0,1,0,0,1,0,4,3
1071,1,1,9,0,2,11,1,0,0,1,0,2,1,0,0,0,1,0,0,3,3
1072,2,0,6,0,0,5,0,0,0,0,1,1,0,0,1,0,0,0,1,1,0
1073,1,0,7,1,1,11,0,0,0,0,1,2,1,0,0,0,1,0,0,3,3
1074,1,1,0,1,0,10,1,0,0,1,0,1,0,0,1,0,1,0,0,2,3
1075,3,0,3,0,0,1,0,0,0,0,1,1,0,1,0,0,0,0,1,1,0
1076,1,1,5,1,1,12,1,0,0,1,0,1,1,0,0,1,0,0,0,3,3
1077,2,0,7,0,0,7,0,0,0,0,1,1,0,0,1,0,0,0,1,1,0
1078,2,1,1,0,1,7,0,0,0,1,0,2,0,0,1,0,0,0,1,2,3
1079,3,0,0,2,0,3,0,0,0,0,1,1,0,0,1,0,0,0,1,3,3
1080,3,1,2,8,2,11,0,0,0,1,0,4,0,0,1,0,0,0,1,11,1
1081,2,0,7,0,0,5,0,0,0,0,1,1,0,0,1,0,0,0,1,1,0
1082,2,0,7,1,0,8,0,0,0,0,1,1,0,0,1,0,0,0,1,2,3
1083,1,0,8,0,0,8,0,0,0,0,1,1,0,0,1,0,0,0,1,1,0
1084,3,0,0,1,1,6,0,0,1,0,0,2,0,0,1,0,0,0,1,3,3
1085,2,0,9,0,0,5,0,0,0,0,1,1,0,1,0,0,0,0,1,1,0
1086,2,0,0,0,2,9,0,0,1,0,0,2,0,0,1,0,0,0,1,3,3
1087,3,0,6,0,0,2,0,0,0,0,1,1,0,0,1,0,0,0,1,1,0
1088,1,0,0,0,2,12,0,0,1,0,0,3,1,0,0,0,1,0,0,3,3
1089,3,1,0,0,0,2,0,0,0,1,0,1,0,0,1,0,0,0,1,1,0
1090,2,0,2,0,0,4,0,0,0,0,1,1,0,0,1,0,0,0,1,1,0
1091,3,1,2,0,0,4,1,0,0,1,0,1,0,0,1,0,0,0,1,1,0
1092,3,1,2,0,0,6,0,0,0,1,0,1,0,1,0,0,0,0,1,1,0
1093,3,0,0,0,2,6,0,0,1,0,0,1,0,0,1,0,0,0,1,3,3
1094,1,0,8,1,0,12,0,1,0,0,0,1,1,0,0,1,0,0,0,2,3
1095,2,1,0,1,1,8,0,0,0,1,0,1,0,0,1,0,0,0,1,3,3
1096,2,0,4,0,0,4,0,0,0,0,1,1,0,0,1,0,0,0,1,1,0
1097,1,0,8,0,0,8,0,0,0,0,1,1,1,0,0,0,0,0,1,1,0
1098,3,1,7,0,0,1,0,0,0,1,0,1,0,1,0,0,0,0,1,1,0
1099,2,0,3,0,0,4,0,0,0,0,1,1,0,0,1,0,0,0,1,1,0
1100,1,1,6,0,0,9,0,0,0,1,0,1,1,0,0,1,0,0,0,1,0
1101,3,0,4,0,0,3,0,0,0,0,1,1,0,0,1,0,0,0,1,1,0
1102,3,0,6,0,0,7,0,0,0,0,1,2,0,0,1,0,0,0,1,1,0
1103,3,0,3,0,0,0,0,0,0,0,1,1,0,0,1,0,0,0,1,1,0
1104,2,0,0,0,0,11,0,0,0,0,1,2,0,0,1,0,0,0,1,1,0
1105,2,1,9,1,0,8,1,0,0,1,0,2,0,0,1,0,0,0,1,2,3
1106,3,1,7,4,2,2,0,0,0,1,0,1,0,0,1,0,0,0,1,7,1
1107,1,0,8,0,0,10,0,0,0,0,1,1,0,0,1,1,0,0,0,1,0
1108,3,1,2,0,0,2,0,0,0,1,0,1,0,1,0,0,0,0,1,1,0
1109,1,0,9,1,1,12,0,0,0,0,1,2,0,0,1,0,0,0,1,3,3
1110,1,1,9,1,1,12,1,0,0,1,0,4,1,0,0,1,0,0,0,3,3
1111,3,0,3,0,0,3,0,0,0,0,1,1,0,0,1,0,0,0,1,1,0
1112,2,1,6,1,0,6,0,0,0,1,0,1,1,0,0,0,0,0,1,2,3
1113,3,0,1,0,0,3,0,0,0,0,1,1,0,0,1,0,0,0,1,1,0
1114,2,1,2,0,0,4,1,0,0,1,0,1,0,0,1,0,0,1,0,1,0
1115,3,0,1,0,0,2,0,0,0,0,1,1,0,0,1,0,0,0,1,1,0
1116,1,1,9,0,0,9,1,0,0,1,0,1,1,0,0,0,0,0,1,1,0
1117,3,1,2,0,2,6,1,0,0,1,0,1,1,0,0,0,0,0,1,3,3
1118,3,0,2,0,0,2,0,0,0,0,1,1,0,0,1,0,0,0,1,1,0
1119,3,1,2,0,0,1,0,0,0,1,0,1,0,1,0,0,0,0,1,1,0
1120,3,0,7,0,0,6,0,0,0,0,1,1,0,0,1,0,0,0,1,1,0
1121,2,0,7,0,0,5,0,0,0,0,1,1,0,0,1,0,0,0,1,1,0
1122,2,0,0,0,0,11,0,0,0,0,1,3,0,0,1,0,0,0,1,1,0
1123,1,1,1,0,0,8,0,0,0,1,0,1,0,0,1,0,0,0,1,1,0
1124,3,0,1,1,0,0,0,0,0,0,1,1,0,0,1,0,0,0,1,2,3
1125,3,0,3,0,0,2,0,0,0,0,1,1,0,1,0,0,0,0,1,1,0
1126,1,0,7,1,0,11,0,0,0,0,1,1,1,0,0,1,0,0,0,2,3
1127,3,0,1,0,0,2,0,0,0,0,1,1,0,0,1,0,0,0,1,1,0
1128,1,0,9,1,0,11,0,0,0,0,1,1,1,0,0,0,1,0,0,2,3
1129,3,0,1,0,0,0,0,0,0,0,1,1,1,0,0,0,0,0,1,1,0
1130,2,1,0,1,1,5,0,0,0,1,0,1,0,0,1,0,0,0,1,3,3
1131,1,1,8,1,0,12,1,0,0,1,0,1,1,0,0,1,0,0,0,2,3
1132,1,1,9,0,0,9,1,0,0,1,0,1,1,0,0,0,0,0,1,1,0
1133,2,1,8,0,2,9,1,0,0,1,0,1,0,0,1,0,0,0,1,3,3
1134,1,0,8,1,1,12,0,0,0,0,1,3,1,0,0,0,1,0,0,3,3
1135,3,0,3,0,0,3,0,0,0,0,1,1,0,0,1,0,0,0,1,1,0
1136,3,0,3,1,2,8,0,0,1,0,0,2,0,0,1,0,0,0,1,4,3
1137,1,0,7,1,0,10,0,0,0,0,1,1,0,0,1,0,1,0,0,2,3
1138,2,1,2,0,0,7,1,0,0,1,0,2,0,0,1,0,0,0,1,1,0
1139,2,0,8,1,1,9,0,0,0,0,1,2,0,0,1,0,0,0,1,3,3
1140,2,1,6,1,0,8,1,0,0,1,0,1,0,0,1,0,0,0,1,2,3
1141,3,1,2,1,0,6,1,0,0,1,0,2,1,0,0,0,0,0,1,2,3
1142,2,1,0,1,2,9,0,0,0,1,0,1,0,0,1,0,0,0,1,4,3
1143,3,0,1,0,0,3,0,0,0,0,1,1,0,0,1,0,0,0,1,1,0
1144,1,0,5,1,0,12,0,0,0,0,1,2,1,0,0,1,0,0,0,2,3
1145,3,0,3,0,0,4,0,0,0,0,1,1,0,0,1,0,0,0,1,1,0
1146,3,0,6,0,0,4,0,0,0,0,1,1,0,0,1,0,0,0,1,1,0
1147,3,0,3,0,0,1,0,0,0,0,1,1,0,0,1,0,0,0,1,1,0
1148,3,0,3,0,0,1,0,0,0,0,1,1,0,1,0,0,0,0,1,1,0
1149,3,0,5,0,0,3,0,0,0,0,1,1,0,0,1,0,0,0,1,1,0
1150,2,1,1,0,0,5,0,0,0,1,0,1,0,0,1,0,0,0,1,1,0
1151,3,0,1,0,0,2,0,0,0,0,1,1,0,0,1,0,0,0,1,1,0
1152,3,0,7,1,0,7,0,0,0,0,1,1,0,0,1,0,0,0,1,2,3
1153,3,0,1,0,0,2,0,0,0,0,1,1,0,0,1,0,0,0,1,1,0
1154,2,1,6,0,2,8,1,0,0,1,0,2,0,0,1,0,0,0,1,3,3
1155,3,1,0,1,1,5,0,0,0,1,0,2,0,0,1,0,0,0,1,3,3
1156,2,0,6,0,0,5,0,0,0,0,1,1,1,0,0,0,0,0,1,1,0
1157,3,0,3,0,0,3,0,0,0,0,1,1,0,0,1,0,0,0,1,1,0
1158,1,0,8,0,0,0,0,0,0,0,1,1,0,0,1,0,0,0,1,1,0
1159,3,0,3,0,0,1,0,0,0,0,1,1,0,0,1,0,0,0,1,1,0
1160,3,1,2,0,0,3,0,0,0,1,0,1,0,0,1,0,0,0,1,1,0
1161,3,0,0,0,0,4,0,0,0,0,1,1,0,0,1,0,0,0,1,1,0
1162,1,0,8,0,0,11,0,0,0,0,1,2,1,0,0,1,0,0,0,1,0
1163,3,0,3,0,0,1,0,0,0,0,1,1,0,1,0,0,0,0,1,1,0
1164,1,1,5,1,0,12,1,0,0,1,0,2,1,0,0,1,0,0,0,2,3
1165,3,1,2,1,0,6,0,0,0,1,0,1,0,1,0,0,0,0,1,2,3
1166,3,0,3,0,0,0,0,0,0,0,1,1,1,0,0,0,0,0,1,1,0
1167,2,1,1,1,0,8,0,0,0,1,0,1,0,0,1,0,0,0,1,2,3
1168,2,0,5,0,0,4,0,0,0,0,1,1,0,0,1,0,0,0,1,1,0
1169,2,0,7,1,0,8,0,0,0,0,1,1,0,0,1,0,0,0,1,2,3
1170,2,0,6,1,0,7,0,0,0,0,1,2,0,0,1,0,0,0,1,2,3
1171,2,0,2,0,0,4,0,0,0,0,1,1,0,0,1,0,0,0,1,1,0
1172,3,1,2,0,0,4,0,0,0,1,0,1,0,0,1,0,0,0,1,1,0
1173,3,0,0,1,1,6,0,0,1,0,0,3,0,0,1,0,0,0,1,3,3
1174,3,1,2,0,0,1,0,0,0,1,0,1,0,1,0,0,0,0,1,1,0
1175,3,1,0,1,1,6,0,0,0,1,0,2,1,0,0,0,0,0,1,3,3
1176,3,1,0,1,1,7,0,0,0,1,0,1,0,0,1,0,0,0,1,3,3
1177,3,0,7,0,0,0,0,0,0,0,1,1,0,0,1,0,0,0,1,1,0
1178,3,0,3,0,0,0,0,0,0,0,1,1,0,0,1,0,0,0,1,1,0
1179,1,0,3,1,0,11,0,0,0,0,1,2,0,0,1,1,0,0,0,2,3
1180,3,0,3,0,0,0,0,0,0,0,1,1,1,0,0,0,0,1,0,1,0
1181,3,0,3,0,0,3,0,0,0,0,1,1,0,0,1,0,0,0,1,1,0
1182,1,0,8,0,0,10,0,0,0,0,1,1,0,0,1,0,0,0,1,1,0
1183,3,1,6,0,0,0,0,0,0,1,0,1,0,1,0,0,0,0,1,1,0
1184,3,0,3,0,0,0,0,0,0,0,1,1,1,0,0,0,0,0,1,1,0
1185,1,0,9,1,1,11,0,1,0,0,0,2,0,0,1,1,0,0,0,3,3
1186,3,0,7,0,0,4,0,0,0,0,1,1,0,0,1,0,0,0,1,1,0
1187,3,0,5,0,0,3,0,0,0,0,1,1,0,0,1,0,0,0,1,1,0
1188,2,1,0,1,2,10,0,0,0,1,0,1,1,0,0,0,0,0,1,4,3
1189,3,0,3,2,0,7,0,0,0,0,1,2,1,0,0,0,0,0,1,3,3
1190,1,0,6,0,0,10,0,0,0,0,1,1,0,0,1,0,0,0,1,1,0
1191,3,0,6,0,0,2,0,0,0,0,1,1,0,0,1,0,0,0,1,1,0
1192,3,0,6,0,0,2,0,0,0,0,1,1,0,0,1,0,0,0,1,1,0
1193,2,0,5,0,0,6,0,0,0,0,1,1,1,0,0,0,1,0,0,1,0
1194,2,0,8,0,1,7,0,0,0,0,1,2,0,0,1,0,0,0,1,2,3
1195,3,0,3,0,0,4,0,0,0,0,1,1,0,0,1,0,0,0,1,1,0
1196,3,1,2,0,0,1,0,0,0,1,0,1,0,1,0,0,0,0,1,1,0
1197,1,1,9,1,1,8,1,0,0,1,0,1,0,0,1,1,0,0,0,3,3
1198,1,0,6,1,2,12,0,0,0,0,1,2,0,0,1,1,0,0,0,4,3
1199,3,0,0,0,1,4,0,0,1,0,0,1,0,0,1,0,0,0,1,2,3
1200,1,0,9,1,1,12,0,0,0,0,1,2,0,0,1,1,0,0,0,3,3
1201,3,1,8,1,0,6,1,0,0,1,0,1,0,0,1,0,0,0,1,2,3
1202,3,0,0,0,0,4,0,0,0,0,1,1,0,0,1,0,0,0,1,1,0
1203,3,0,2,0,0,0,0,0,0,0,1,1,1,0,0,0,0,0,1,1,0
1204,3,0,3,0,0,1,0,0,0,0,1,1,0,0,1,0,0,0,1,1,0
1205,3,1,7,0,0,1,0,0,0,1,0,1,0,1,0,0,0,0,1,1,0
1206,1,1,9,0,0,12,1,0,0,1,0,1,1,0,0,1,0,0,0,1,0
1207,3,1,0,0,0,1,0,0,0,1,0,1,0,1,0,0,0,0,1,1,0
1208,1,0,9,1,0,12,0,0,0,0,1,1,1,0,0,1,0,0,0,2,3
1209,2,0,1,0,0,4,0,0,0,0,1,1,0,0,1,0,0,0,1,1,0
1210,3,0,5,0,0,2,0,0,0,0,1,1,0,0,1,0,0,0,1,1,0
1211,2,0,2,2,0,9,0,0,0,0,1,3,0,0,1,0,0,0,1,3,3
1212,3,0,5,0,0,2,0,0,0,0,1,1,0,0,1,0,0,0,1,1,0
1213,3,0,4,0,0,0,0,0,0,0,1,1,1,0,0,0,0,1,0,1,0
1214,2,0,5,0,0,5,0,0,0,0,1,1,0,0,1,0,0,1,0,1,0
1215,1,0,6,0,0,8,0,0,0,0,1,1,0,0,1,0,0,0,1,1,0
1216,1,1,7,0,0,12,0,0,0,1,0,1,0,0,1,0,0,0,1,1,0
1217,3,0,2,0,0,0,0,0,0,0,1,1,0,0,1,0,0,0,1,1,0
1218,2,1,0,2,1,10,0,0,0,1,0,2,0,0,1,0,0,1,0,4,3
1219,1,0,8,0,0,11,0,0,0,0,1,1,1,0,0,0,0,0,1,1,0
1220,2,0,6,1,0,8,0,0,0,0,1,1,0,0,1,0,0,0,1,2,3
1221,2,0,1,0,0,5,0,0,0,0,1,1,0,0,1,0,0,0,1,1,0
1222,2,1,8,0,2,10,1,0,0,1,0,2,0,0,1,0,0,0,1,3,3
1223,1,0,7,0,0,9,0,0,0,0,1,1,1,0,0,1,0,0,0,1,0
1224,3,0,3,0,0,0,0,0,0,0,1,1,1,0,0,0,0,0,1,1,0
1225,3,1,1,1,1,7,1,0,0,1,0,1,1,0,0,0,0,0,1,3,3
1226,3,0,5,0,0,3,0,0,0,0,1,1,0,0,1,0,0,0,1,1,0
1227,1,0,6,0,0,8,0,0,0,0,1,1,0,0,1,1,0,0,0,1,0
1228,2,0,6,0,0,5,0,0,0,0,1,1,0,0,1,0,0,0,1,1,0
1229,3,0,7,0,2,0,0,0,0,0,1,1,1,0,0,0,0,0,1,3,3
1230,2,0,4,0,0,9,0,0,0,0,1,3,0,0,1,0,0,0,1,1,0
1231,3,0,3,0,0,0,0,0,1,0,0,1,1,0,0,0,0,0,1,1,0
1232,2,0,0,0,0,4,0,0,0,0,1,1,0,0,1,0,0,0,1,1,0
1233,3,0,6,0,0,1,0,0,0,0,1,1,0,0,1,0,0,0,1,1,0
1234,3,0,3,1,9,11,0,0,0,0,1,4,0,0,1,0,0,0,1,11,1
1235,1,1,9,0,1,12,1,0,0,1,0,1,1,0,0,1,0,0,0,2,3
1236,3,0,3,1,1,6,0,0,1,0,0,2,0,0,1,0,0,0,1,3,3
1237,3,1,0,0,0,1,0,0,0,1,0,1,0,0,1,0,0,0,1,1,0
1238,2,0,5,0,0,5,0,0,0,0,1,1,0,0,1,0,0,0,1,1,0
1239,3,1,7,0,0,0,1,0,0,1,0,1,1,0,0,0,0,0,1,1,0
1240,2,0,3,0,0,6,0,0,0,0,1,1,0,0,1,0,0,0,1,1,0
1241,2,1,6,0,0,7,0,0,0,1,0,1,0,0,1,0,0,0,1,1,0
1242,1,1,8,0,1,11,1,0,0,1,0,1,1,0,0,0,1,0,0,2,3
1243,2,0,4,0,0,4,0,0,0,0,1,1,0,0,1,0,0,0,1,1,0
1244,2,0,0,0,0,11,0,0,0,0,1,2,0,0,1,0,0,0,1,1,0
1245,2,0,9,1,2,11,0,0,0,0,1,3,0,0,1,0,0,0,1,4,3
1246,3,1,0,1,2,7,0,0,0,1,0,2,0,0,1,0,0,0,1,4,3
1247,1,0,9,0,0,8,0,0,0,0,1,1,0,0,1,0,1,0,0,1,0
1248,1,1,9,2,0,10,1,0,0,1,0,1,0,0,1,1,0,0,0,3,3
1249,3,0,3,0,0,2,0,0,0,0,1,1,0,0,1,0,0,0,1,1,0
1250,3,0,3,0,0,1,0,0,0,0,1,1,0,1,0,0,0,0,1,1,0
1251,3,1,6,1,0,7,1,0,0,1,0,1,0,0,1,0,0,0,1,2,3
1252,3,0,0,8,2,11,0,0,1,0,0,4,0,0,1,0,0,0,1,11,1
1253,2,1,3,1,1,10,1,0,0,1,0,1,1,0,0,0,0,0,1,3,3
1254,2,1,6,0,0,7,1,0,0,1,0,2,0,0,1,0,0,0,1,1,0
1255,3,0,5,0,0,4,0,0,0,0,1,1,0,0,1,0,0,0,1,1,0
1256,1,1,4,1,0,10,1,0,0,1,0,1,1,0,0,0,1,0,0,2,3
1257,3,1,2,1,9,11,1,0,0,1,0,4,0,0,1,0,0,0,1,11,1
1258,3,0,3,1,0,6,0,0,0,0,1,1,1,0,0,0,0,0,1,2,3
1259,3,1,2,0,0,10,0,0,0,1,0,1,0,0,1,0,0,0,1,1,0
1260,1,1,8,0,1,10,1,0,0,1,0,2,1,0,0,0,0,0,1,2,3
1261,2,0,6,0,0,6,0,0,0,0,1,1,1,0,0,0,0,0,1,1,0
1262,2,0,1,1,0,5,0,0,0,0,1,1,0,0,1,0,0,0,1,2,3
1263,1,1,6,0,0,12,0,0,0,1,0,3,1,0,0,0,1,0,0,1,0
1264,1,0,9,0,0,0,0,0,0,0,1,1,0,0,1,1,0,0,0,1,0
1265,2,0,8,0,0,5,0,0,0,0,1,1,0,0,1,0,0,0,1,1,0
1266,1,1,9,1,1,11,1,0,0,1,0,2,0,0,1,1,0,0,0,3,3
1267,1,1,8,0,0,12,0,0,0,1,0,5,1,0,0,0,0,0,1,1,0
1268,3,1,2,2,0,4,0,0,0,1,0,1,0,0,1,0,0,0,1,3,3
1269,2,0,1,0,0,5,0,0,0,0,1,1,0,0,1,0,0,0,1,1,0
1270,1,0,9,0,0,10,0,0,0,0,1,1,0,0,1,1,0,0,0,1,0
1271,3,0,0,4,2,9,0,0,1,0,0,3,0,0,1,0,0,0,1,7,1
1272,3,0,3,0,0,1,0,0,0,0,1,1,0,1,0,0,0,0,1,1,0
1273,3,0,5,0,0,2,0,0,0,0,1,1,0,1,0,0,0,0,1,1,0
1274,3,1,2,0,0,6,1,0,0,1,0,1,0,0,1,0,0,0,1,1,0
1275,3,1,1,1,0,7,1,0,0,1,0,1,0,0,1,0,0,0,1,2,3
1276,2,0,5,0,0,5,0,0,0,0,1,1,0,0,1,0,0,0,1,1,0
1277,2,1,3,1,2,11,0,0,0,1,0,3,0,0,1,0,0,0,1,4,3
1278,3,0,3,0,0,2,0,0,0,0,1,1,0,0,1,0,0,0,1,1,0
1279,2,0,9,0,0,5,0,0,0,0,1,1,0,0,1,0,0,0,1,1,0
1280,3,0,1,0,0,1,0,0,0,0,1,1,0,1,0,0,0,0,1,1,0
1281,3,0,0,3,1,7,0,0,1,0,0,1,0,0,1,0,0,0,1,5,2
1282,1,0,2,0,0,12,0,0,0,0,1,2,0,0,1,1,0,0,0,1,0
1283,1,1,9,0,1,10,1,0,0,1,0,1,0,0,1,0,1,0,0,2,3
1284,3,0,0,0,2,7,0,0,1,0,0,1,0,0,1,0,0,0,1,3,3
1285,2,0,8,0,0,4,0,0,0,0,1,1,0,0,1,0,0,0,1,1,0
1286,3,0,6,3,1,7,0,0,0,0,1,2,0,0,1,0,0,0,1,5,2
1287,1,1,0,1,0,11,1,0,0,1,0,2,0,0,1,1,0,0,0,2,3
1288,3,0,3,0,0,0,0,0,0,0,1,1,0,1,0,0,0,0,1,1,0
1289,1,1,8,1,1,11,1,0,0,1,0,1,1,0,0,1,0,0,0,3,3
1290,3,0,2,0,0,2,0,0,0,0,1,1,0,0,1,0,0,0,1,1,0
1291,3,0,6,0,0,1,0,0,0,0,1,1,0,1,0,0,0,0,1,1,0
1292,1,1,6,0,0,12,0,0,0,1,0,2,0,0,1,1,0,0,0,1,0
1293,2,0,7,1,0,7,0,0,0,0,1,1,0,0,1,0,0,0,1,2,3
1294,1,1,2,0,1,10,0,0,0,1,0,2,1,0,0,0,0,0,1,2,3
1295,1,0,0,0,0,10,0,0,0,0,1,1,0,0,1,0,0,0,1,1,0
1296,1,0,8,1,0,9,0,0,0,0,1,1,1,0,0,0,1,0,0,2,3
1297,2,0,1,0,0,6,0,0,0,0,1,1,1,0,0,0,1,0,0,1,0
1298,2,0,2,1,0,4,0,0,0,0,1,1,0,0,1,0,0,0,1,2,3
1299,1,0,9,1,1,12,0,0,0,0,1,4,1,0,0,1,0,0,0,3,3
1300,3,1,2,0,0,1,0,0,0,1,0,1,0,1,0,0,0,0,1,1,0
1301,3,1,0,1,1,6,0,0,0,1,0,3,0,0,1,0,0,0,1,3,3
1302,3,1,2,0,0,1,0,0,0,1,0,1,0,1,0,0,0,0,1,1,0
1303,1,1,7,1,0,11,1,0,0,1,0,1,0,1,0,1,0,0,0,2,3
1304,3,1,5,0,0,2,0,0,0,1,0,1,0,0,1,0,0,0,1,1,0
1305,3,0,3,0,0,3,0,0,0,0,1,1,0,0,1,0,0,0,1,1,0
1306,1,1,7,0,0,12,0,0,0,1,0,1,1,0,0,1,0,0,0,1,0
1307,3,0,7,0,0,0,0,0,0,0,1,1,0,0,1,0,0,0,1,1,0
1308,3,0,3,0,0,3,0,0,0,0,1,1,0,0,1,0,0,0,1,1,0
1309,3,0,3,1,1,7,0,0,1,0,0,1,1,0,0,0,0,0,1,3,3
