PassengerId,Survived,Pclass,Sex,Age,SibSp,Parch,Fare,Is_Married,Title_Dr/Military/Noble/Clergy,Title_Master,Title_Miss/Mrs/Ms,Title_Mr,Ticket_Frequency,Embarked_C,Embarked_Q,Embarked_S,Deck_ABC,Deck_DE,Deck_FG,Deck_M,Family Size,Family_Size_Grouped
1,0,3,0,2,1,0,1,0,0,0,0,1,1,0,0,1,0,0,0,1,2,3
2,1,1,1,7,1,0,11,1,0,0,1,0,1,1,0,0,1,0,0,0,2,3
3,1,3,1,4,0,0,3,0,0,0,1,0,1,0,0,1,0,0,0,1,1,0
4,1,1,1,7,1,0,10,1,0,0,1,0,2,0,0,1,1,0,0,0,2,3
5,0,3,0,7,0,0,3,0,0,0,0,1,1,0,0,1,0,0,0,1,1,0
6,0,3,0,3,0,0,4,0,0,0,0,1,1,0,1,0,0,0,0,1,1,0
7,0,1,0,9,0,0,10,0,0,0,0,1,1,0,0,1,0,1,0,0,1,0
8,0,3,0,0,3,1,7,0,0,1,0,0,4,0,0,1,0,0,0,1,5,2
9,1,3,1,5,0,2,5,1,0,0,1,0,3,0,0,1,0,0,0,1,3,3
10,1,2,1,0,1,0,9,1,0,0,1,0,2,1,0,0,0,0,0,1,2,3
11,1,3,1,0,1,1,7,0,0,0,1,0,2,0,0,1,0,0,1,0,3,3
12,1,1,1,9,0,0,8,0,0,0,1,0,1,0,0,1,1,0,0,0,1,0
13,0,3,0,1,0,0,3,0,0,0,0,1,1,0,0,1,0,0,0,1,1,0
14,0,3,0,7,1,5,9,0,0,0,0,1,7,0,0,1,0,0,0,1,7,1
15,0,3,1,0,0,0,2,0,0,0,1,0,1,0,0,1,0,0,0,1,1,0
16,1,2,1,9,0,0,7,1,0,0,1,0,1,0,0,1,0,0,0,1,1,0
17,0,3,0,0,4,1,9,0,0,1,0,0,5,0,1,0,0,0,0,1,6,2
18,1,2,0,5,0,0,5,0,0,0,0,1,1,0,0,1,0,0,0,1,1,0
19,0,3,1,6,1,0,7,1,0,0,1,0,1,0,0,1,0,0,0,1,2,3
20,1,3,1,2,0,0,0,1,0,0,1,0,1,1,0,0,0,0,0,1,1,0
21,0,2,0,7,0,0,8,0,0,0,0,1,2,0,0,1,0,0,0,1,1,0
22,1,2,0,6,0,0,5,0,0,0,0,1,1,0,0,1,0,1,0,0,1,0
23,1,3,1,0,0,0,3,0,0,0,1,0,1,0,1,0,0,0,0,1,1,0
24,1,1,0,5,0,0,10,0,0,0,0,1,1,0,0,1,1,0,0,0,1,0
25,0,3,1,0,3,1,7,0,0,0,1,0,4,0,0,1,0,0,0,1,5,2
26,1,3,1,7,1,5,9,1,0,0,1,0,4,0,0,1,0,0,0,1,7,1
27,0,3,0,3,0,0,0,0,0,0,0,1,1,1,0,0,0,0,0,1,1,0
28,0,1,0,1,3,2,12,0,0,0,0,1,4,0,0,1,1,0,0,0,6,2
29,1,3,1,2,0,0,2,0,0,0,1,0,1,0,1,0,0,0,0,1,1,0
30,0,3,0,3,0,0,2,0,0,0,0,1,1,0,0,1,0,0,0,1,1,0
31,0,1,0,7,0,0,9,0,1,0,0,0,1,1,0,0,0,0,0,1,1,0
32,1,1,1,7,1,0,12,1,0,0,1,0,2,1,0,0,1,0,0,0,2,3
33,1,3,1,2,0,0,1,0,0,0,1,0,1,0,1,0,0,0,0,1,1,0
34,0,2,0,9,0,0,4,0,0,0,0,1,1,0,0,1,0,0,0,1,1,0
35,0,1,0,5,1,0,11,0,0,0,0,1,2,1,0,0,0,0,0,1,2,3
36,0,1,0,8,1,0,10,0,0,0,0,1,2,0,0,1,0,0,0,1,2,3
37,1,3,0,3,0,0,0,0,0,0,0,1,1,1,0,0,0,0,0,1,1,0
38,0,3,0,2,0,0,3,0,0,0,0,1,1,0,0,1,0,0,0,1,1,0
39,0,3,1,1,2,0,7,0,0,0,1,0,2,0,0,1,0,0,0,1,3,3
40,1,3,1,0,1,0,5,0,0,0,1,0,2,1,0,0,0,0,0,1,2,3
41,0,3,1,7,1,0,4,1,0,0,1,0,1,0,0,1,0,0,0,1,2,3
42,0,2,1,5,1,0,7,1,0,0,1,0,2,0,0,1,0,0,0,1,2,3
43,0,3,0,3,0,0,2,0,0,0,0,1,1,1,0,0,0,0,0,1,1,0
44,1,2,1,0,1,2,10,0,0,0,1,0,3,1,0,0,0,0,0,1,4,3
45,1,3,1,1,0,0,2,0,0,0,1,0,1,0,1,0,0,0,0,1,1,0
46,0,3,0,3,0,0,3,0,0,0,0,1,1,0,0,1,0,0,0,1,1,0
47,0,3,0,3,1,0,6,0,0,0,0,1,1,0,1,0,0,0,0,1,2,3
48,1,3,1,2,0,0,1,0,0,0,1,0,1,0,1,0,0,0,0,1,1,0
49,0,3,0,3,2,0,7,0,0,0,0,1,1,1,0,0,0,0,0,1,3,3
50,0,3,1,1,1,0,7,1,0,0,1,0,2,0,0,1,0,0,0,1,2,3
51,0,3,0,0,4,1,10,0,0,1,0,0,6,0,0,1,0,0,0,1,6,2
52,0,3,0,2,0,0,2,0,0,0,0,1,1,0,0,1,0,0,0,1,1,0
53,1,1,1,9,1,0,11,1,0,0,1,0,3,1,0,0,0,1,0,0,2,3
54,1,2,1,5,1,0,8,1,0,0,1,0,1,0,0,1,0,0,0,1,2,3
55,0,1,0,9,0,1,11,0,0,0,0,1,1,1,0,0,1,0,0,0,2,3
56,1,1,0,7,0,0,10,0,0,0,0,1,1,0,0,1,1,0,0,0,1,0
57,1,2,1,2,0,0,4,0,0,0,1,0,1,0,0,1,0,0,0,1,1,0
58,0,3,0,5,0,0,0,0,0,0,0,1,1,1,0,0,0,0,0,1,1,0
59,1,2,1,0,1,2,9,0,0,0,1,0,3,0,0,1,0,0,0,1,4,3
60,0,3,0,0,5,2,10,0,0,1,0,0,6,0,0,1,0,0,0,1,8,1
61,0,3,0,2,0,0,0,0,0,0,0,1,1,1,0,0,0,0,0,1,1,0
62,1,1,1,7,0,0,11,0,0,0,1,0,2,0,0,1,1,0,0,0,1,0
63,0,1,0,8,1,0,12,0,0,0,0,1,2,0,0,1,1,0,0,0,2,3
64,0,3,0,0,3,2,9,0,0,1,0,0,6,0,0,1,0,0,0,1,6,2
65,0,1,0,7,0,0,9,0,0,0,0,1,1,1,0,0,0,0,0,1,1,0
66,1,3,0,3,1,1,6,0,0,1,0,0,2,1,0,0,0,0,0,1,3,3
67,1,2,1,5,0,0,4,1,0,0,1,0,1,0,0,1,0,0,1,0,1,0
68,0,3,0,1,0,0,4,0,0,0,0,1,1,0,0,1,0,0,0,1,1,0
69,1,3,1,1,4,2,3,0,0,0,1,0,1,0,0,1,0,0,0,1,7,1
70,0,3,0,4,2,0,4,0,0,0,0,1,1,0,0,1,0,0,0,1,3,3
71,0,2,0,6,0,0,4,0,0,0,0,1,1,0,0,1,0,0,0,1,1,0
72,0,3,1,0,5,2,10,0,0,0,1,0,6,0,0,1,0,0,0,1,8,1
73,0,2,0,2,0,0,11,0,0,0,0,1,5,0,0,1,0,0,0,1,1,0
74,0,3,0,4,1,0,6,0,0,0,0,1,1,1,0,0,0,0,0,1,2,3
75,1,3,0,6,0,0,11,0,0,0,0,1,7,0,0,1,0,0,0,1,1,0
76,0,3,0,3,0,0,1,0,0,0,0,1,1,0,0,1,0,0,1,0,1,0
77,0,3,0,3,0,0,2,0,0,0,0,1,1,0,0,1,0,0,0,1,1,0
78,0,3,0,3,0,0,3,0,0,0,0,1,1,0,0,1,0,0,0,1,1,0
79,1,2,0,0,0,2,9,0,0,1,0,0,2,0,0,1,0,0,0,1,3,3
80,1,3,1,5,0,0,5,0,0,0,1,0,2,0,0,1,0,0,0,1,1,0
81,0,3,0,2,0,0,4,0,0,0,0,1,1,0,0,1,0,0,0,1,1,0
82,1,3,0,5,0,0,4,0,0,0,0,1,1,0,0,1,0,0,0,1,1,0
83,1,3,1,2,0,0,2,0,0,0,1,0,1,0,1,0,0,0,0,1,1,0
84,0,1,0,5,0,0,10,0,0,0,0,1,1,0,0,1,0,0,0,1,1,0
85,1,2,1,1,0,0,4,0,0,0,1,0,1,0,0,1,0,0,0,1,1,0
86,1,3,1,6,3,0,6,1,0,0,1,0,2,0,0,1,0,0,0,1,4,3
87,0,3,0,0,1,3,10,0,0,0,0,1,4,0,0,1,0,0,0,1,5,2
88,0,3,0,3,0,0,3,0,0,0,0,1,1,0,0,1,0,0,0,1,1,0
89,1,1,1,3,3,2,12,0,0,0,1,0,4,0,0,1,1,0,0,0,6,2
90,0,3,0,3,0,0,3,0,0,0,0,1,1,0,0,1,0,0,0,1,1,0
91,0,3,0,5,0,0,3,0,0,0,0,1,1,0,0,1,0,0,0,1,1,0
92,0,3,0,1,0,0,2,0,0,0,0,1,1,0,0,1,0,0,0,1,1,0
93,0,1,0,8,1,0,11,0,0,0,0,1,1,0,0,1,0,1,0,0,2,3
94,0,3,0,4,1,2,7,0,0,0,0,1,2,0,0,1,0,0,0,1,4,3
95,0,3,0,9,0,0,1,0,0,0,0,1,1,0,0,1,0,0,0,1,1,0
96,0,3,0,3,0,0,3,0,0,0,0,1,1,0,0,1,0,0,0,1,1,0
97,0,1,0,9,0,0,10,0,0,0,0,1,1,1,0,0,1,0,0,0,1,0
98,1,1,0,3,0,1,11,0,0,0,0,1,1,1,0,0,0,1,0,0,2,3
99,1,2,1,6,0,1,7,1,0,0,1,0,2,0,0,1,0,0,0,1,2,3
100,0,2,0,6,1,0,8,0,0,0,0,1,2,0,0,1,0,0,0,1,2,3
101,0,3,1,5,0,0,2,0,0,0,1,0,1,0,0,1,0,0,0,1,1,0
102,0,3,0,3,0,0,2,0,0,0,0,1,1,0,0,1,0,0,0,1,1,0
103,0,1,0,2,0,1,11,0,0,0,0,1,2,0,0,1,0,1,0,0,2,3
104,0,3,0,6,0,0,4,0,0,0,0,1,1,0,0,1,0,0,0,1,1,0
105,0,3,0,7,2,0,3,0,0,0,0,1,1,0,0,1,0,0,0,1,3,3
106,0,3,0,5,0,0,2,0,0,0,0,1,1,0,0,1,0,0,0,1,1,0
107,1,3,1,2,0,0,1,0,0,0,1,0,1,0,0,1,0,0,0,1,1,0
108,1,3,0,3,0,0,2,0,0,0,0,1,1,0,0,1,0,0,0,1,1,0
109,0,3,0,7,0,0,2,0,0,0,0,1,1,0,0,1,0,0,0,1,1,0
110,1,3,1,2,1,0,8,0,0,0,1,0,3,0,1,0,0,0,0,1,2,3
111,0,1,0,8,0,0,10,0,0,0,0,1,2,0,0,1,1,0,0,0,1,0
112,0,3,1,0,1,0,6,0,0,0,1,0,2,1,0,0,0,0,0,1,2,3
113,0,3,0,2,0,0,3,0,0,0,0,1,1,0,0,1,0,0,0,1,1,0
114,0,3,1,1,1,0,4,0,0,0,1,0,1,0,0,1,0,0,0,1,2,3
115,0,3,1,1,0,0,6,0,0,0,1,0,2,1,0,0,0,0,0,1,1,0
116,0,3,0,2,0,0,3,0,0,0,0,1,1,0,0,1,0,0,0,1,1,0
117,0,3,0,9,0,0,1,0,0,0,0,1,1,0,1,0,0,0,0,1,1,0
118,0,2,0,5,1,0,7,0,0,0,0,1,2,0,0,1,0,0,0,1,2,3
119,0,1,0,3,0,1,12,0,0,0,0,1,2,1,0,0,1,0,0,0,2,3
120,0,3,1,0,4,2,9,0,0,0,1,0,7,0,0,1,0,0,0,1,7,1
121,0,2,0,2,2,0,11,0,0,0,0,1,5,0,0,1,0,0,0,1,3,3
122,0,3,0,3,0,0,3,0,0,0,0,1,1,0,0,1,0,0,0,1,1,0
123,0,2,0,6,1,0,9,0,0,0,0,1,2,1,0,0,0,0,0,1,2,3
124,1,2,1,6,0,0,5,0,0,0,1,0,1,0,0,1,0,1,0,0,1,0
125,0,1,0,9,0,1,11,0,0,0,0,1,2,0,0,1,0,1,0,0,2,3
126,1,3,0,0,1,0,5,0,0,1,0,0,2,1,0,0,0,0,0,1,2,3
127,0,3,0,3,0,0,1,0,0,0,0,1,1,0,1,0,0,0,0,1,1,0
128,1,3,0,3,0,0,0,0,0,0,0,1,1,0,0,1,0,0,0,1,1,0
129,1,3,1,2,1,1,7,0,0,0,1,0,2,1,0,0,0,0,1,0,3,3
130,0,3,0,8,0,0,0,0,0,0,0,1,1,0,0,1,0,0,0,1,1,0
131,0,3,0,6,0,0,2,0,0,0,0,1,1,1,0,0,0,0,0,1,1,0
132,0,3,0,1,0,0,0,0,0,0,0,1,1,0,0,1,0,0,0,1,1,0
133,0,3,1,8,1,0,6,1,0,0,1,0,1,0,0,1,0,0,0,1,2,3
134,1,2,1,5,1,0,8,1,0,0,1,0,1,0,0,1,0,0,0,1,2,3
135,0,2,0,3,0,0,5,0,0,0,0,1,1,0,0,1,0,0,0,1,1,0
136,0,2,0,3,0,0,6,0,0,0,0,1,1,1,0,0,0,0,0,1,1,0
137,1,1,1,1,0,2,8,0,0,0,1,0,1,0,0,1,0,1,0,0,3,3
138,0,1,0,7,1,0,10,0,0,0,0,1,2,0,0,1,1,0,0,0,2,3
139,0,3,0,0,0,0,4,0,0,0,0,1,2,0,0,1,0,0,0,1,1,0
140,0,1,0,3,0,0,11,0,0,0,0,1,2,1,0,0,1,0,0,0,1,0
141,0,3,1,2,0,2,6,1,0,0,1,0,2,1,0,0,0,0,0,1,3,3
142,1,3,1,2,0,0,1,0,0,0,1,0,1,0,0,1,0,0,0,1,1,0
143,1,3,1,3,1,0,6,1,0,0,1,0,2,0,0,1,0,0,0,1,2,3
144,0,3,0,1,0,0,0,0,0,0,0,1,1,0,1,0,0,0,0,1,1,0
145,0,2,0,1,0,0,5,0,0,0,0,1,1,0,0,1,0,0,0,1,1,0
146,0,2,0,1,1,1,10,0,0,0,0,1,2,0,0,1,0,0,0,1,3,3
147,1,3,0,5,0,0,2,0,0,0,0,1,1,0,0,1,0,0,0,1,1,0
148,0,3,1,0,2,2,10,0,0,0,1,0,4,0,0,1,0,0,0,1,5,2
149,0,2,0,7,0,2,8,0,0,0,0,1,3,0,0,1,0,0,1,0,3,3
150,0,2,0,8,0,0,5,0,1,0,0,0,1,0,0,1,0,0,0,1,1,0
151,0,2,0,9,0,0,5,0,1,0,0,0,1,0,0,1,0,0,0,1,1,0
152,1,1,1,2,1,0,11,1,0,0,1,0,2,0,0,1,1,0,0,0,2,3
153,0,3,0,9,0,0,3,0,0,0,0,1,1,0,0,1,0,0,0,1,1,0
154,0,3,0,8,0,2,6,0,0,0,0,1,1,0,0,1,0,0,0,1,3,3
155,0,3,0,3,0,0,1,0,0,0,0,1,1,0,0,1,0,0,0,1,1,0
156,0,1,0,9,0,1,11,0,0,0,0,1,1,1,0,0,0,0,0,1,2,3
157,1,3,1,0,0,0,1,0,0,0,1,0,1,0,1,0,0,0,0,1,1,0
158,0,3,0,5,0,0,3,0,0,0,0,1,1,0,0,1,0,0,0,1,1,0
159,0,3,0,3,0,0,4,0,0,0,0,1,1,0,0,1,0,0,0,1,1,0
160,0,3,0,3,8,2,11,0,0,1,0,0,7,0,0,1,0,0,0,1,11,1
161,0,3,0,8,0,1,7,0,0,0,0,1,1,0,0,1,0,0,0,1,2,3
162,1,2,1,7,0,0,6,1,0,0,1,0,1,0,0,1,0,0,0,1,1,0
163,0,3,0,4,0,0,2,0,0,0,0,1,1,0,0,1,0,0,0,1,1,0
164,0,3,0,1,0,0,4,0,0,0,0,1,1,0,0,1,0,0,0,1,1,0
165,0,3,0,0,4,1,10,0,0,1,0,0,6,0,0,1,0,0,0,1,6,2
166,1,3,0,0,0,2,7,0,0,1,0,0,3,0,0,1,0,0,0,1,3,3
167,1,1,1,7,0,1,10,1,0,0,1,0,2,0,0,1,0,1,0,0,2,3
168,0,3,1,8,1,4,9,1,0,0,1,0,6,0,0,1,0,0,0,1,6,2
169,0,1,0,7,0,0,8,0,0,0,0,1,1,0,0,1,0,0,0,1,1,0
170,0,3,0,5,0,0,11,0,0,0,0,1,7,0,0,1,0,0,0,1,1,0
171,0,1,0,9,0,0,10,0,0,0,0,1,1,0,0,1,1,0,0,0,1,0
172,0,3,0,0,4,1,9,0,0,1,0,0,5,0,1,0,0,0,0,1,6,2
173,1,3,1,0,1,1,5,0,0,0,1,0,3,0,0,1,0,0,0,1,3,3
174,0,3,0,2,0,0,3,0,0,0,0,1,1,0,0,1,0,0,0,1,1,0
175,0,1,0,9,0,0,9,0,0,0,0,1,1,1,0,0,1,0,0,0,1,0
176,0,3,0,1,1,1,2,0,0,0,0,1,1,0,0,1,0,0,0,1,3,3
177,0,3,0,3,3,1,8,0,0,1,0,0,4,0,0,1,0,0,0,1,5,2
178,0,1,1,9,0,0,9,0,0,0,1,0,1,1,0,0,1,0,0,0,1,0
179,0,2,0,5,0,0,5,0,0,0,0,1,1,0,0,1,0,0,0,1,1,0
180,0,3,0,7,0,0,0,0,0,0,0,1,4,0,0,1,0,0,0,1,1,0
181,0,3,1,2,8,2,11,0,0,0,1,0,7,0,0,1,0,0,0,1,11,1
182,0,2,0,5,0,0,6,0,0,0,0,1,1,1,0,0,0,0,0,1,1,0
183,0,3,0,0,4,2,9,0,0,1,0,0,4,0,0,1,0,0,0,1,7,1
184,1,2,0,0,2,1,10,0,0,1,0,0,2,0,0,1,0,0,1,0,4,3
185,1,3,1,0,0,2,7,0,0,0,1,0,1,0,0,1,0,0,0,1,3,3
186,0,1,0,7,0,0,10,0,0,0,0,1,1,0,0,1,1,0,0,0,1,0
187,1,3,1,2,1,0,6,1,0,0,1,0,2,0,1,0,0,0,0,1,2,3
188,1,1,0,8,0,0,8,0,0,0,0,1,1,0,0,1,0,0,0,1,1,0
189,0,3,0,7,1,1,6,0,0,0,0,1,2,0,1,0,0,0,0,1,3,3
190,0,3,0,7,0,0,2,0,0,0,0,1,1,0,0,1,0,0,0,1,1,0
191,1,2,1,6,0,0,5,1,0,0,1,0,1,0,0,1,0,0,0,1,1,0
192,0,2,0,1,0,0,5,0,0,0,0,1,1,0,0,1,0,0,0,1,1,0
193,1,3,1,1,1,0,2,0,0,0,1,0,1,0,0,1,0,0,0,1,2,3
194,1,2,0,0,1,1,8,0,0,1,0,0,3,0,0,1,0,0,1,0,3,3
195,1,1,1,8,0,0,9,1,0,0,1,0,1,1,0,0,1,0,0,0,1,0
196,1,1,1,9,0,0,12,0,0,0,1,0,2,1,0,0,1,0,0,0,1,0
197,0,3,0,3,0,0,1,0,0,0,0,1,1,0,1,0,0,0,0,1,1,0
198,0,3,0,8,0,1,4,0,0,0,0,1,1,0,0,1,0,0,0,1,2,3
199,1,3,1,2,0,0,1,0,0,0,1,0,1,0,1,0,0,0,0,1,1,0
200,0,2,1,3,0,0,5,0,0,0,1,0,1,0,0,1,0,0,0,1,1,0
201,0,3,0,5,0,0,4,0,0,0,0,1,1,0,0,1,0,0,0,1,1,0
202,0,3,0,3,8,2,11,0,0,0,0,1,7,0,0,1,0,0,0,1,11,1
203,0,3,0,6,0,0,0,0,0,0,0,1,1,0,0,1,0,0,0,1,1,0
204,0,3,0,8,0,0,0,0,0,0,0,1,1,1,0,0,0,0,0,1,1,0
205,1,3,0,1,0,0,3,0,0,0,0,1,1,0,0,1,0,0,0,1,1,0
206,0,3,1,0,0,1,4,0,0,0,1,0,2,0,0,1,0,0,1,0,2,3
207,0,3,0,6,1,0,6,0,0,0,0,1,2,0,0,1,0,0,0,1,2,3
208,1,3,0,4,0,0,7,0,0,0,0,1,2,1,0,0,0,0,0,1,1,0
209,1,3,1,0,0,0,1,0,0,0,1,0,1,0,1,0,0,0,0,1,1,0
210,1,1,0,7,0,0,9,0,0,0,0,1,1,1,0,0,1,0,0,0,1,0
211,0,3,0,3,0,0,0,0,0,0,0,1,1,0,0,1,0,0,0,1,1,0
212,1,2,1,7,0,0,7,0,0,0,1,0,1,0,0,1,0,0,0,1,1,0
213,0,3,0,2,0,0,1,0,0,0,0,1,1,0,0,1,0,0,0,1,1,0
214,0,2,0,5,0,0,5,0,0,0,0,1,1,0,0,1,0,0,0,1,1,0
215,0,3,0,3,1,0,1,0,0,0,0,1,1,0,1,0,0,0,0,1,2,3
216,1,1,1,6,1,0,12,0,0,0,1,0,3,1,0,0,0,1,0,0,2,3
217,1,3,1,5,0,0,3,0,0,0,1,0,1,0,0,1,0,0,0,1,1,0
218,0,2,0,8,1,0,9,0,0,0,0,1,2,0,0,1,0,0,0,1,2,3
219,1,1,1,6,0,0,11,0,0,0,1,0,1,1,0,0,0,1,0,0,1,0
220,0,2,0,5,0,0,4,0,0,0,0,1,1,0,0,1,0,0,0,1,1,0
221,1,3,0,0,0,0,3,0,0,0,0,1,1,0,0,1,0,0,0,1,1,0
222,0,2,0,5,0,0,5,0,0,0,0,1,1,0,0,1,0,0,0,1,1,0
223,0,3,0,9,0,0,3,0,0,0,0,1,1,0,0,1,0,0,0,1,1,0
224,0,3,0,3,0,0,2,0,0,0,0,1,1,0,0,1,0,0,0,1,1,0
225,1,1,0,7,1,0,12,0,0,0,0,1,2,0,0,1,1,0,0,0,2,3
226,0,3,0,2,0,0,4,0,0,0,0,1,1,0,0,1,0,0,0,1,1,0
227,1,2,0,1,0,0,4,0,0,0,0,1,1,0,0,1,0,0,0,1,1,0
228,0,3,0,2,0,0,1,0,0,0,0,1,1,0,0,1,0,0,0,1,1,0
229,0,2,0,1,0,0,5,0,0,0,0,1,1,0,0,1,0,0,0,1,1,0
230,0,3,1,2,3,1,8,0,0,0,1,0,4,0,0,1,0,0,0,1,5,2
231,1,1,1,7,1,0,12,1,0,0,1,0,2,0,0,1,1,0,0,0,2,3
232,0,3,0,5,0,0,2,0,0,0,0,1,1,0,0,1,0,0,0,1,1,0
233,0,2,0,9,0,0,6,0,0,0,0,1,1,0,0,1,0,0,0,1,1,0
234,1,3,1,0,4,2,9,0,0,0,1,0,4,0,0,1,0,0,0,1,7,1
235,0,2,0,3,0,0,4,0,0,0,0,1,1,0,0,1,0,0,0,1,1,0
236,0,3,1,2,0,0,1,0,0,0,1,0,1,0,0,1,0,0,0,1,1,0
237,0,2,0,8,1,0,8,0,0,0,0,1,1,0,0,1,0,0,0,1,2,3
238,1,2,1,0,0,2,8,0,0,0,1,0,3,0,0,1,0,0,0,1,3,3
239,0,2,0,1,0,0,4,0,0,0,0,1,1,0,0,1,0,0,0,1,1,0
240,0,2,0,6,0,0,5,0,0,0,0,1,1,0,0,1,0,0,0,1,1,0
241,0,3,1,2,1,0,6,0,0,0,1,0,2,1,0,0,0,0,0,1,2,3
242,1,3,1,2,1,0,6,0,0,0,1,0,2,0,1,0,0,0,0,1,2,3
243,0,2,0,5,0,0,4,0,0,0,0,1,1,0,0,1,0,0,0,1,1,0
244,0,3,0,2,0,0,0,0,0,0,0,1,1,0,0,1,0,0,0,1,1,0
245,0,3,0,5,0,0,0,0,0,0,0,1,1,1,0,0,0,0,0,1,1,0
246,0,1,0,8,2,0,12,0,1,0,0,0,2,0,1,0,1,0,0,0,3,3
247,0,3,1,3,0,0,2,0,0,0,1,0,1,0,0,1,0,0,0,1,1,0
248,1,2,1,3,0,2,6,1,0,0,1,0,2,0,0,1,0,0,0,1,3,3
249,1,1,0,7,1,1,10,0,0,0,0,1,2,0,0,1,0,1,0,0,3,3
250,0,2,0,9,1,0,8,0,1,0,0,0,2,0,0,1,0,0,0,1,2,3
251,0,3,0,3,0,0,1,0,0,0,0,1,1,0,0,1,0,0,0,1,1,0
252,0,3,1,5,1,1,4,1,0,0,1,0,2,0,0,1,0,0,1,0,3,3
253,0,1,0,9,0,0,8,0,0,0,0,1,1,0,0,1,1,0,0,0,1,0
254,0,3,0,5,1,0,7,0,0,0,0,1,2,0,0,1,0,0,0,1,2,3
255,0,3,1,8,0,2,7,1,0,0,1,0,2,0,0,1,0,0,0,1,3,3
256,1,3,1,5,0,2,6,1,0,0,1,0,1,1,0,0,0,0,0,1,3,3
257,1,1,1,7,0,0,11,1,0,0,1,0,1,1,0,0,0,0,0,1,1,0
258,1,1,1,5,0,0,12,0,0,0,1,0,3,0,0,1,1,0,0,0,1,0
259,1,1,1,7,0,0,12,0,0,0,1,0,3,1,0,0,0,0,0,1,1,0
260,1,2,1,9,0,1,8,1,0,0,1,0,2,0,0,1,0,0,0,1,2,3
261,0,3,0,3,0,0,1,0,0,0,0,1,1,0,1,0,0,0,0,1,1,0
262,1,3,0,0,4,2,9,0,0,1,0,0,4,0,0,1,0,0,0,1,7,1
263,0,1,0,9,1,1,11,0,0,0,0,1,3,0,0,1,0,1,0,0,3,3
264,0,1,0,7,0,0,0,0,0,0,0,1,1,0,0,1,1,0,0,0,1,0
265,0,3,1,2,0,0,1,0,0,0,1,0,1,0,1,0,0,0,0,1,1,0
266,0,2,0,7,0,0,4,0,0,0,0,1,1,0,0,1,0,0,0,1,1,0
267,0,3,0,0,4,1,10,0,0,0,0,1,6,0,0,1,0,0,0,1,6,2
268,1,3,0,3,1,0,2,0,0,0,0,1,1,0,0,1,0,0,0,1,2,3
269,1,1,1,9,0,1,12,1,0,0,1,0,3,0,0,1,1,0,0,0,2,3
270,1,1,1,7,0,0,12,0,0,0,1,0,3,0,0,1,1,0,0,0,1,0
271,0,1,0,7,0,0,9,0,0,0,0,1,2,0,0,1,0,0,0,1,1,0
272,1,3,0,3,0,0,0,0,0,0,0,1,4,0,0,1,0,0,0,1,1,0
273,1,2,1,8,0,1,7,1,0,0,1,0,2,0,0,1,0,0,0,1,2,3
274,0,1,0,7,0,1,9,0,0,0,0,1,1,1,0,0,1,0,0,0,2,3
275,1,3,1,2,0,0,1,0,0,0,1,0,1,0,1,0,0,0,0,1,1,0
276,1,1,1,9,1,0,11,0,0,0,1,0,3,0,0,1,0,1,0,0,2,3
277,0,3,1,8,0,0,1,0,0,0,1,0,1,0,0,1,0,0,0,1,1,0
278,0,2,0,5,0,0,0,0,0,0,0,1,3,0,0,1,0,0,0,1,1,0
279,0,3,0,0,4,1,9,0,0,1,0,0,5,0,1,0,0,0,0,1,6,2
280,1,3,1,7,1,1,7,1,0,0,1,0,2,0,0,1,0,0,0,1,3,3
281,0,3,0,9,0,0,1,0,0,0,0,1,1,0,1,0,0,0,0,1,1,0
282,0,3,0,5,0,0,2,0,0,0,0,1,1,0,0,1,0,0,0,1,1,0
283,0,3,0,0,0,0,4,0,0,0,0,1,1,0,0,1,0,0,0,1,1,0
284,1,3,0,1,0,0,3,0,0,0,0,1,1,0,0,1,0,0,0,1,1,0
285,0,1,0,7,0,0,8,0,0,0,0,1,1,0,0,1,1,0,0,0,1,0
286,0,3,0,6,0,0,4,0,0,0,0,1,1,1,0,0,0,0,0,1,1,0
287,1,3,0,5,0,0,4,0,0,0,0,1,1,0,0,1,0,0,0,1,1,0
288,0,3,0,2,0,0,2,0,0,0,0,1,1,0,0,1,0,0,0,1,1,0
289,1,2,0,8,0,0,5,0,0,0,0,1,1,0,0,1,0,0,0,1,1,0
290,1,3,1,2,0,0,1,0,0,0,1,0,1,0,1,0,0,0,0,1,1,0
291,1,1,1,4,0,0,11,0,0,0,1,0,2,0,0,1,0,0,0,1,1,0
292,1,1,1,1,1,0,12,1,0,0,1,0,2,1,0,0,1,0,0,0,2,3
293,0,2,0,7,0,0,5,0,0,0,0,1,1,1,0,0,0,1,0,0,1,0
294,0,3,1,3,0,0,4,0,0,0,1,0,1,0,0,1,0,0,0,1,1,0
295,0,3,0,3,0,0,2,0,0,0,0,1,1,0,0,1,0,0,0,1,1,0
296,0,1,0,7,0,0,9,0,0,0,0,1,1,1,0,0,0,0,0,1,1,0
297,0,3,0,3,0,0,0,0,0,0,0,1,1,1,0,0,0,0,0,1,1,0
298,0,1,1,0,1,2,12,0,0,0,1,0,4,0,0,1,1,0,0,0,4,3
299,1,1,0,7,0,0,9,0,0,0,0,1,1,0,0,1,1,0,0,0,1,0
300,1,1,1,9,0,1,12,1,0,0,1,0,2,1,0,0,1,0,0,0,2,3
301,1,3,1,2,0,0,1,0,0,0,1,0,1,0,1,0,0,0,0,1,1,0
302,1,3,0,3,2,0,7,0,0,0,0,1,2,0,1,0,0,0,0,1,3,3
303,0,3,0,1,0,0,0,0,0,0,0,1,4,0,0,1,0,0,0,1,1,0
304,1,2,1,5,0,0,5,0,0,0,1,0,1,0,1,0,0,1,0,0,1,0
305,0,3,0,3,0,0,3,0,0,0,0,1,1,0,0,1,0,0,0,1,1,0
306,1,1,0,0,1,2,12,0,0,1,0,0,4,0,0,1,1,0,0,0,4,3
307,1,1,1,7,0,0,12,0,0,0,1,0,4,1,0,0,0,0,0,1,1,0
308,1,1,1,1,1,0,12,1,0,0,1,0,2,1,0,0,1,0,0,0,2,3
309,0,2,0,5,1,0,7,0,0,0,0,1,2,1,0,0,0,0,0,1,2,3
310,1,1,1,5,0,0,11,0,0,0,1,0,2,1,0,0,0,1,0,0,1,0
311,1,1,1,3,0,0,11,0,0,0,1,0,2,1,0,0,1,0,0,0,1,0
312,1,1,1,1,2,2,12,0,0,0,1,0,2,1,0,0,1,0,0,0,5,2
313,0,2,1,4,1,1,8,1,0,0,1,0,1,0,0,1,0,0,0,1,3,3
314,0,3,0,5,0,0,2,0,0,0,0,1,1,0,0,1,0,0,0,1,1,0
315,0,2,0,8,1,1,8,0,0,0,0,1,3,0,0,1,0,0,0,1,3,3
316,1,3,1,4,0,0,2,0,0,0,1,0,1,0,0,1,0,0,0,1,1,0
317,1,2,1,3,1,0,8,1,0,0,1,0,2,0,0,1,0,0,0,1,2,3
318,0,2,0,9,0,0,6,0,1,0,0,0,1,0,0,1,0,0,0,1,1,0
319,1,1,1,6,0,2,12,0,0,0,1,0,2,0,0,1,1,0,0,0,3,3
320,1,1,1,7,1,1,12,1,0,0,1,0,2,1,0,0,0,1,0,0,3,3
321,0,3,0,2,0,0,1,0,0,0,0,1,1,0,0,1,0,0,0,1,1,0
322,0,3,0,5,0,0,2,0,0,0,0,1,1,0,0,1,0,0,0,1,1,0
323,1,2,1,5,0,0,5,0,0,0,1,0,1,0,1,0,0,0,0,1,1,0
324,1,2,1,2,1,1,9,1,0,0,1,0,2,0,0,1,0,0,0,1,3,3
325,0,3,0,3,8,2,11,0,0,0,0,1,7,0,0,1,0,0,0,1,11,1
326,1,1,1,7,0,0,12,0,0,0,1,0,3,1,0,0,1,0,0,0,1,0
327,0,3,0,9,0,0,0,0,0,0,0,1,1,0,0,1,0,0,0,1,1,0
328,1,2,1,7,0,0,5,1,0,0,1,0,1,0,0,1,0,1,0,0,1,0
329,1,3,1,6,1,1,7,1,0,0,1,0,3,0,0,1,0,0,0,1,3,3
330,1,1,1,0,0,1,11,0,0,0,1,0,2,1,0,0,1,0,0,0,2,3
331,1,3,1,2,2,0,7,0,0,0,1,0,2,0,1,0,0,0,0,1,3,3
332,0,1,0,8,0,0,9,0,0,0,0,1,1,0,0,1,1,0,0,0,1,0
333,0,1,0,7,0,1,12,0,0,0,0,1,3,0,0,1,1,0,0,0,2,3
334,0,3,0,0,2,0,7,0,0,0,0,1,2,0,0,1,0,0,0,1,3,3
335,1,1,1,7,1,0,12,1,0,0,1,0,2,0,0,1,0,0,0,1,2,3
336,0,3,0,3,0,0,2,0,0,0,0,1,1,0,0,1,0,0,0,1,1,0
337,0,1,0,5,1,0,11,0,0,0,0,1,2,0,0,1,1,0,0,0,2,3
338,1,1,1,8,0,0,12,0,0,0,1,0,2,1,0,0,0,1,0,0,1,0
339,1,3,0,8,0,0,3,0,0,0,0,1,1,0,0,1,0,0,0,1,1,0
340,0,1,0,8,0,0,10,0,0,0,0,1,1,0,0,1,1,0,0,0,1,0
341,1,2,0,0,1,1,8,0,0,1,0,0,3,0,0,1,0,0,1,0,3,3
342,1,1,1,3,3,2,12,0,0,0,1,0,4,0,0,1,1,0,0,0,6,2
343,0,2,0,5,0,0,5,0,0,0,0,1,1,0,0,1,0,0,0,1,1,0
344,0,2,0,3,0,0,5,0,0,0,0,1,1,0,0,1,0,0,0,1,1,0
345,0,2,0,7,0,0,5,0,0,0,0,1,1,0,0,1,0,0,0,1,1,0
346,1,2,1,3,0,0,5,0,0,0,1,0,1,0,0,1,0,0,1,0,1,0
347,1,2,1,7,0,0,5,0,0,0,1,0,1,0,0,1,0,0,0,1,1,0
348,1,3,1,2,1,0,7,1,0,0,1,0,1,0,0,1,0,0,0,1,2,3
349,1,3,0,0,1,1,7,0,0,1,0,0,2,0,0,1,0,0,0,1,3,3
350,0,3,0,8,0,0,4,0,0,0,0,1,1,0,0,1,0,0,0,1,1,0
351,0,3,0,3,0,0,4,0,0,0,0,1,1,0,0,1,0,0,0,1,1,0
352,0,1,0,7,0,0,10,0,0,0,0,1,1,0,0,1,1,0,0,0,1,0
353,0,3,0,0,1,1,0,0,0,0,0,1,1,1,0,0,0,0,0,1,3,3
354,0,3,0,3,1,0,7,0,0,0,0,1,2,0,0,1,0,0,0,1,2,3
355,0,3,0,3,0,0,0,0,0,0,0,1,1,1,0,0,0,0,0,1,1,0
356,0,3,0,5,0,0,4,0,0,0,0,1,1,0,0,1,0,0,0,1,1,0
357,1,1,1,2,0,1,10,0,0,0,1,0,2,0,0,1,0,1,0,0,2,3
358,0,2,1,7,0,0,5,0,0,0,1,0,1,0,0,1,0,0,0,1,1,0
359,1,3,1,2,0,0,2,0,0,0,1,0,1,0,1,0,0,0,0,1,1,0
360,1,3,1,2,0,0,2,0,0,0,1,0,1,0,1,0,0,0,0,1,1,0
361,0,3,0,7,1,4,9,0,0,0,0,1,6,0,0,1,0,0,0,1,6,2
362,0,2,0,5,1,0,9,0,0,0,0,1,1,1,0,0,0,0,0,1,2,3
363,0,3,1,8,0,1,6,1,0,0,1,0,2,1,0,0,0,0,0,1,2,3
364,0,3,0,7,0,0,0,0,0,0,0,1,1,0,0,1,0,0,0,1,1,0
365,0,3,0,3,1,0,6,0,0,0,0,1,2,0,1,0,0,0,0,1,2,3
366,0,3,0,5,0,0,1,0,0,0,0,1,1,0,0,1,0,0,0,1,1,0
367,1,1,1,9,1,0,11,1,0,0,1,0,1,1,0,0,0,1,0,0,2,3
368,1,3,1,2,0,0,0,1,0,0,1,0,1,1,0,0,0,0,0,1,1,0
369,1,3,1,2,0,0,1,0,0,0,1,0,1,0,1,0,0,0,0,1,1,0
370,1,1,1,3,0,0,11,0,0,0,1,0,2,1,0,0,1,0,0,0,1,0
371,1,1,0,3,1,0,10,0,0,0,0,1,1,1,0,0,0,1,0,0,2,3
372,0,3,0,1,1,0,0,0,0,0,0,1,1,0,0,1,0,0,0,1,2,3
373,0,3,0,1,0,0,3,0,0,0,0,1,1,0,0,1,0,0,0,1,1,0
374,0,1,0,2,0,0,12,0,0,0,0,1,3,1,0,0,0,0,0,1,1,0
375,0,3,1,0,3,1,7,0,0,0,1,0,4,0,0,1,0,0,0,1,5,2
376,1,1,1,7,1,0,11,1,0,0,1,0,2,1,0,0,0,0,0,1,2,3
377,1,3,1,2,0,0,1,0,0,0,1,0,1,0,0,1,0,0,0,1,1,0
378,0,1,0,5,0,2,12,0,0,0,0,1,1,1,0,0,1,0,0,0,3,3
379,0,3,0,1,0,0,0,0,0,0,0,1,1,1,0,0,0,0,0,1,1,0
380,0,3,0,1,0,0,2,0,0,0,0,1,1,0,0,1,0,0,0,1,1,0
381,1,1,1,8,0,0,12,0,0,0,1,0,4,1,0,0,0,0,0,1,1,0
382,1,3,1,0,0,2,6,0,0,0,1,0,2,1,0,0,0,0,0,1,3,3
383,0,3,0,6,0,0,3,0,0,0,0,1,1,0,0,1,0,0,0,1,1,0
384,1,1,1,7,1,0,10,1,0,0,1,0,2,0,0,1,0,0,0,1,2,3
385,0,3,0,3,0,0,2,0,0,0,0,1,1,0,0,1,0,0,0,1,1,0
386,0,2,0,1,0,0,11,0,0,0,0,1,5,0,0,1,0,0,0,1,1,0
387,0,3,0,0,5,2,10,0,0,1,0,0,6,0,0,1,0,0,0,1,8,1
388,1,2,1,7,0,0,5,0,0,0,1,0,1,0,0,1,0,0,0,1,1,0
389,0,3,0,3,0,0,1,0,0,0,0,1,1,0,1,0,0,0,0,1,1,0
390,1,2,1,1,0,0,5,0,0,0,1,0,1,1,0,0,0,0,0,1,1,0
391,1,1,0,7,1,2,12,0,0,0,0,1,4,0,0,1,1,0,0,0,4,3
392,1,3,0,2,0,0,2,0,0,0,0,1,1,0,0,1,0,0,0,1,1,0
393,0,3,0,5,2,0,3,0,0,0,0,1,1,0,0,1,0,0,0,1,3,3
394,1,1,1,3,1,0,12,0,0,0,1,0,3,1,0,0,0,1,0,0,2,3
395,1,3,1,3,0,2,7,1,0,0,1,0,2,0,0,1,0,0,1,0,3,3
396,0,3,0,2,0,0,2,0,0,0,0,1,1,0,0,1,0,0,0,1,1,0
397,0,3,1,6,0,0,2,0,0,0,1,0,1,0,0,1,0,0,0,1,1,0
398,0,2,0,8,0,0,8,0,0,0,0,1,2,0,0,1,0,0,0,1,1,0
399,0,2,0,3,0,0,4,0,1,0,0,0,1,0,0,1,0,0,0,1,1,0
400,1,2,1,5,0,0,5,1,0,0,1,0,1,0,0,1,0,0,0,1,1,0
401,1,3,0,7,0,0,3,0,0,0,0,1,1,0,0,1,0,0,0,1,1,0
402,0,3,0,4,0,0,3,0,0,0,0,1,1,0,0,1,0,0,0,1,1,0
403,0,3,1,2,1,0,4,0,0,0,1,0,1,0,0,1,0,0,0,1,2,3
404,0,3,0,5,1,0,6,0,0,0,0,1,2,0,0,1,0,0,0,1,2,3
405,0,3,1,1,0,0,4,0,0,0,1,0,1,0,0,1,0,0,0,1,1,0
406,0,2,0,6,1,0,7,0,0,0,0,1,1,0,0,1,0,0,0,1,2,3
407,0,3,0,9,0,0,1,0,0,0,0,1,1,0,0,1,0,0,0,1,1,0
408,1,2,0,0,1,1,7,0,0,1,0,0,3,0,0,1,0,0,0,1,3,3
409,0,3,0,2,0,0,2,0,0,0,0,1,1,0,0,1,0,0,0,1,1,0
410,0,3,1,2,3,1,8,0,0,0,1,0,4,0,0,1,0,0,0,1,5,2
411,0,3,0,3,0,0,2,0,0,0,0,1,1,0,0,1,0,0,0,1,1,0
412,0,3,0,3,0,0,0,0,0,0,0,1,1,0,1,0,0,0,0,1,1,0
413,1,1,1,6,1,0,12,0,0,0,1,0,2,0,1,0,1,0,0,0,2,3
414,0,2,0,5,0,0,0,0,0,0,0,1,3,0,0,1,0,0,0,1,1,0
415,1,3,0,8,0,0,3,0,0,0,0,1,1,0,0,1,0,0,0,1,1,0
416,0,3,1,2,0,0,3,1,0,0,1,0,1,0,0,1,0,0,0,1,1,0
417,1,2,1,6,1,1,9,1,0,0,1,0,1,0,0,1,0,0,0,1,3,3
418,1,2,1,1,0,2,5,0,0,0,1,0,1,0,0,1,0,0,0,1,3,3
419,0,2,0,5,0,0,5,0,0,0,0,1,1,0,0,1,0,0,0,1,1,0
420,0,3,1,0,0,2,8,0,0,0,1,0,3,0,0,1,0,0,0,1,3,3
421,0,3,0,3,0,0,2,0,0,0,0,1,1,1,0,0,0,0,0,1,1,0
422,0,3,0,2,0,0,1,0,0,0,0,1,1,0,1,0,0,0,0,1,1,0
423,0,3,0,5,0,0,2,0,0,0,0,1,1,0,0,1,0,0,0,1,1,0
424,0,3,1,5,1,1,6,1,0,0,1,0,2,0,0,1,0,0,0,1,3,3
425,0,3,0,1,1,1,7,0,0,0,0,1,2,0,0,1,0,0,0,1,3,3
426,0,3,0,3,0,0,1,0,0,0,0,1,1,0,0,1,0,0,0,1,1,0
427,1,2,1,5,1,0,8,1,0,0,1,0,1,0,0,1,0,0,0,1,2,3
428,1,2,1,1,0,0,8,0,0,0,1,0,2,0,0,1,0,0,0,1,1,0
429,0,3,0,3,0,0,1,0,0,0,0,1,1,0,1,0,0,0,0,1,1,0
430,1,3,0,6,0,0,3,0,0,0,0,1,1,0,0,1,0,1,0,0,1,0
431,1,1,0,5,0,0,8,0,0,0,0,1,1,0,0,1,1,0,0,0,1,0
432,1,3,1,2,1,0,7,1,0,0,1,0,2,0,0,1,0,0,0,1,2,3
433,1,2,1,8,1,0,8,1,0,0,1,0,1,0,0,1,0,0,0,1,2,3
434,0,3,0,1,0,0,0,0,0,0,0,1,1,0,0,1,0,0,0,1,1,0
435,0,1,0,9,1,0,10,0,0,0,0,1,2,0,0,1,0,1,0,0,2,3
436,1,1,1,0,1,2,12,0,0,0,1,0,4,0,0,1,1,0,0,0,4,3
437,0,3,1,2,2,2,10,0,0,0,1,0,4,0,0,1,0,0,0,1,5,2
438,1,2,1,3,2,3,7,1,0,0,1,0,3,0,0,1,0,0,0,1,6,2
439,0,1,0,9,1,4,12,0,0,0,0,1,4,0,0,1,1,0,0,0,6,2
440,0,2,0,6,0,0,4,0,0,0,0,1,1,0,0,1,0,0,0,1,1,0
441,1,2,1,8,1,1,8,1,0,0,1,0,3,0,0,1,0,0,0,1,3,3
442,0,3,0,1,0,0,4,0,0,0,0,1,1,0,0,1,0,0,0,1,1,0
443,0,3,0,3,1,0,2,0,0,0,0,1,1,0,0,1,0,0,0,1,2,3
444,1,2,1,5,0,0,5,0,0,0,1,0,1,0,0,1,0,0,0,1,1,0
445,1,3,0,3,0,0,4,0,0,0,0,1,1,0,0,1,0,0,0,1,1,0
446,1,1,0,0,0,2,11,0,0,1,0,0,1,0,0,1,1,0,0,0,3,3
447,1,2,1,0,0,1,7,0,0,0,1,0,2,0,0,1,0,0,0,1,2,3
448,1,1,0,6,0,0,8,0,0,0,0,1,1,0,0,1,0,0,0,1,1,0
449,1,3,1,0,2,1,7,0,0,0,1,0,4,1,0,0,0,0,0,1,4,3
450,1,1,0,9,0,0,9,0,1,0,0,0,1,0,0,1,1,0,0,0,1,0
451,0,2,0,7,1,2,9,0,0,0,0,1,3,0,0,1,0,0,0,1,4,3
452,0,3,0,3,1,0,7,0,0,0,0,1,1,0,0,1,0,0,0,1,2,3
453,0,1,0,5,0,0,9,0,0,0,0,1,1,1,0,0,1,0,0,0,1,0
454,1,1,0,9,1,0,12,0,0,0,0,1,2,1,0,0,1,0,0,0,2,3
455,0,3,0,3,0,0,3,0,0,0,0,1,1,0,0,1,0,0,0,1,1,0
456,1,3,0,5,0,0,2,0,0,0,0,1,1,1,0,0,0,0,0,1,1,0
457,0,1,0,9,0,0,8,0,0,0,0,1,1,0,0,1,0,1,0,0,1,0
458,1,1,1,7,1,0,10,1,0,0,1,0,1,0,0,1,0,1,0,0,2,3
459,1,2,1,9,0,0,4,0,0,0,1,0,1,0,0,1,0,0,0,1,1,0
460,0,3,0,3,0,0,1,0,0,0,0,1,1,0,1,0,0,0,0,1,1,0
461,1,1,0,9,0,0,8,0,0,0,0,1,1,0,0,1,0,1,0,0,1,0
462,0,3,0,6,0,0,3,0,0,0,0,1,1,0,0,1,0,0,0,1,1,0
463,0,1,0,8,0,0,10,0,0,0,0,1,1,0,0,1,0,1,0,0,1,0
464,0,2,0,9,0,0,5,0,0,0,0,1,1,0,0,1,0,0,0,1,1,0
465,0,3,0,3,0,0,3,0,0,0,0,1,1,0,0,1,0,0,0,1,1,0
466,0,3,0,7,0,0,0,0,0,0,0,1,1,0,0,1,0,0,0,1,1,0
467,0,2,0,5,0,0,0,0,0,0,0,1,3,0,0,1,0,0,0,1,1,0
468,0,1,0,9,0,0,8,0,0,0,0,1,1,0,0,1,0,0,0,1,1,0
469,0,3,0,3,0,0,1,0,0,0,0,1,1,0,1,0,0,0,0,1,1,0
470,1,3,1,0,2,1,7,0,0,0,1,0,4,1,0,0,0,0,0,1,4,3
471,0,3,0,3,0,0,1,0,0,0,0,1,1,0,0,1,0,0,0,1,1,0
472,0,3,0,7,0,0,4,0,0,0,0,1,1,0,0,1,0,0,0,1,1,0
473,1,2,1,6,1,2,9,1,0,0,1,0,3,0,0,1,0,0,0,1,4,3
474,1,2,1,3,0,0,6,1,0,0,1,0,1,1,0,0,0,1,0,0,1,0
475,0,3,1,2,0,0,4,0,0,0,1,0,1,0,0,1,0,0,0,1,1,0
476,0,1,0,7,0,0,10,0,0,0,0,1,2,0,0,1,1,0,0,0,1,0
477,0,2,0,6,1,0,7,0,0,0,0,1,2,0,0,1,0,0,0,1,2,3
478,0,3,0,5,1,0,0,0,0,0,0,1,1,0,0,1,0,0,0,1,2,3
479,0,3,0,2,0,0,1,0,0,0,0,1,1,0,0,1,0,0,0,1,1,0
480,1,3,1,0,0,1,5,0,0,0,1,0,1,0,0,1,0,0,0,1,2,3
481,0,3,0,0,5,2,10,0,0,1,0,0,6,0,0,1,0,0,0,1,8,1
482,0,2,0,5,0,0,0,0,0,0,0,1,1,0,0,1,0,0,0,1,1,0
483,0,3,0,9,0,0,3,0,0,0,0,1,1,0,0,1,0,0,0,1,1,0
484,1,3,1,9,0,0,4,1,0,0,1,0,1,0,0,1,0,0,0,1,1,0
485,1,1,0,3,1,0,12,0,0,0,0,1,2,1,0,0,1,0,0,0,2,3
486,0,3,1,2,3,1,8,0,0,0,1,0,4,0,0,1,0,0,0,1,5,2
487,1,1,1,7,1,0,12,1,0,0,1,0,2,0,0,1,1,0,0,0,2,3
488,0,1,0,9,0,0,9,0,0,0,0,1,1,1,0,0,1,0,0,0,1,0
489,0,3,0,5,0,0,3,0,0,0,0,1,1,0,0,1,0,0,0,1,1,0
490,1,3,0,0,1,1,7,0,0,1,0,0,2,0,0,1,0,0,0,1,3,3
491,0,3,0,3,1,0,7,0,0,0,0,1,1,0,0,1,0,0,0,1,2,3
492,0,3,0,2,0,0,1,0,0,0,0,1,1,0,0,1,0,0,0,1,1,0
493,0,1,0,9,0,0,9,0,0,0,0,1,1,0,0,1,1,0,0,0,1,0
494,0,1,0,9,0,0,10,0,0,0,0,1,1,1,0,0,0,0,0,1,1,0
495,0,3,0,2,0,0,3,0,0,0,0,1,1,0,0,1,0,0,0,1,1,0
496,0,3,0,3,0,0,6,0,0,0,0,1,2,1,0,0,0,0,0,1,1,0
497,1,1,1,9,1,0,11,0,0,0,1,0,2,1,0,0,0,1,0,0,2,3
498,0,3,0,3,0,0,6,0,0,0,0,1,1,0,0,1,0,0,0,1,1,0
499,0,1,1,3,1,2,12,1,0,0,1,0,4,0,0,1,1,0,0,0,4,3
500,0,3,0,3,0,0,2,0,0,0,0,1,1,0,0,1,0,0,0,1,1,0
501,0,3,0,1,0,0,4,0,0,0,0,1,1,0,0,1,0,0,0,1,1,0
502,0,3,1,2,0,0,1,0,0,0,1,0,1,0,1,0,0,0,0,1,1,0
503,0,3,1,2,0,0,1,0,0,0,1,0,1,0,1,0,0,0,0,1,1,0
504,0,3,1,7,0,0,4,0,0,0,1,0,1,0,0,1,0,0,0,1,1,0
505,1,1,1,0,0,0,12,0,0,0,1,0,3,0,0,1,1,0,0,0,1,0
506,0,1,0,1,1,0,12,0,0,0,0,1,2,1,0,0,1,0,0,0,2,3
507,1,2,1,6,0,2,8,1,0,0,1,0,2,0,0,1,0,0,0,1,3,3
508,1,1,0,7,0,0,8,0,0,0,0,1,1,0,0,1,0,0,0,1,1,0
509,0,3,0,5,0,0,7,0,0,0,0,1,1,0,0,1,0,0,0,1,1,0
510,1,3,0,4,0,0,11,0,0,0,0,1,7,0,0,1,0,0,0,1,1,0
511,1,3,0,5,0,0,1,0,0,0,0,1,1,0,1,0,0,0,0,1,1,0
512,0,3,0,3,0,0,3,0,0,0,0,1,1,0,0,1,0,0,0,1,1,0
513,1,1,0,7,0,0,8,0,0,0,0,1,1,0,0,1,0,1,0,0,1,0
514,1,1,1,9,1,0,11,1,0,0,1,0,1,1,0,0,0,0,0,1,2,3
515,0,3,0,3,0,0,1,0,0,0,0,1,1,0,0,1,0,0,0,1,1,0
516,0,1,0,8,0,0,10,0,0,0,0,1,1,0,0,1,0,1,0,0,1,0
517,1,2,1,6,0,0,4,1,0,0,1,0,1,0,0,1,0,0,1,0,1,0
518,0,3,0,3,0,0,8,0,0,0,0,1,3,0,1,0,0,0,0,1,1,0
519,1,2,1,7,1,0,8,1,0,0,1,0,1,0,0,1,0,0,0,1,2,3
520,0,3,0,6,0,0,2,0,0,0,0,1,1,0,0,1,0,0,0,1,1,0
521,1,1,1,5,0,0,12,0,0,0,1,0,2,0,0,1,1,0,0,0,1,0
522,0,3,0,2,0,0,2,0,0,0,0,1,1,0,0,1,0,0,0,1,1,0
523,0,3,0,3,0,0,0,0,0,0,0,1,1,1,0,0,0,0,0,1,1,0
524,1,1,1,8,0,1,11,1,0,0,1,0,2,1,0,0,1,0,0,0,2,3
525,0,3,0,3,0,0,0,0,0,0,0,1,1,1,0,0,0,0,0,1,1,0
526,0,3,0,8,0,0,1,0,0,0,0,1,1,0,1,0,0,0,0,1,1,0
527,1,2,1,9,0,0,4,0,0,0,1,0,1,0,0,1,0,0,0,1,1,0
528,0,1,0,7,0,0,12,0,0,0,0,1,1,0,0,1,1,0,0,0,1,0
529,0,3,0,7,0,0,3,0,0,0,0,1,1,0,0,1,0,0,0,1,1,0
530,0,2,0,3,2,1,5,0,0,0,0,1,1,0,0,1,0,0,0,1,4,3
531,1,2,1,0,1,1,8,0,0,0,1,0,2,0,0,1,0,0,0,1,3,3
532,0,3,0,3,0,0,0,0,0,0,0,1,1,1,0,0,0,0,0,1,1,0
533,0,3,0,1,1,1,0,0,0,0,0,1,1,1,0,0,0,0,0,1,3,3
534,1,3,1,2,0,2,7,1,0,0,1,0,2,1,0,0,0,0,0,1,3,3
535,0,3,1,5,0,0,4,0,0,0,1,0,1,0,0,1,0,0,0,1,1,0
536,1,2,1,0,0,2,8,0,0,0,1,0,3,0,0,1,0,0,0,1,3,3
537,0,1,0,8,0,0,8,0,1,0,0,0,1,0,0,1,1,0,0,0,1,0
538,1,1,1,5,0,0,12,0,0,0,1,0,2,1,0,0,0,0,0,1,1,0
539,0,3,0,3,0,0,6,0,0,0,0,1,1,0,0,1,0,0,0,1,1,0
540,1,1,1,2,0,2,10,0,0,0,1,0,1,1,0,0,1,0,0,0,3,3
541,1,1,1,7,0,2,11,0,0,0,1,0,2,0,0,1,1,0,0,0,3,3
542,0,3,1,0,4,2,9,0,0,0,1,0,7,0,0,1,0,0,0,1,7,1
543,0,3,1,0,4,2,9,0,0,0,1,0,7,0,0,1,0,0,0,1,7,1
544,1,2,0,6,1,0,8,0,0,0,0,1,2,0,0,1,0,0,0,1,2,3
545,0,1,0,9,1,0,12,0,0,0,0,1,2,1,0,0,1,0,0,0,2,3
546,0,1,0,9,0,0,8,0,0,0,0,1,1,0,0,1,0,0,0,1,1,0
547,1,2,1,1,1,0,8,1,0,0,1,0,2,0,0,1,0,0,0,1,2,3
548,1,2,0,5,0,0,6,0,0,0,0,1,1,1,0,0,0,0,0,1,1,0
549,0,3,0,6,1,1,7,0,0,0,0,1,3,0,0,1,0,0,0,1,3,3
550,1,2,0,0,1,1,10,0,0,1,0,0,2,0,0,1,0,0,0,1,3,3
551,1,1,0,1,0,2,12,0,0,0,0,1,4,1,0,0,1,0,0,0,3,3
552,0,2,0,5,0,0,8,0,0,0,0,1,1,0,0,1,0,0,0,1,1,0
553,0,3,0,3,0,0,2,0,0,0,0,1,1,0,1,0,0,0,0,1,1,0
554,1,3,0,2,0,0,0,0,0,0,0,1,1,1,0,0,0,0,0,1,1,0
555,1,3,1,2,0,0,2,0,0,0,1,0,1,0,0,1,0,0,0,1,1,0
556,0,1,0,9,0,0,8,0,0,0,0,1,1,0,0,1,0,0,0,1,1,0
557,1,1,1,9,1,0,10,0,0,0,1,0,1,1,0,0,1,0,0,0,2,3
558,0,1,0,7,0,0,12,0,0,0,0,1,4,1,0,0,0,0,0,1,1,0
559,1,1,1,7,1,1,11,1,0,0,1,0,3,0,0,1,0,1,0,0,3,3
560,1,3,1,7,1,0,7,1,0,0,1,0,1,0,0,1,0,0,0,1,2,3
561,0,3,0,3,0,0,1,0,0,0,0,1,1,0,1,0,0,0,0,1,1,0
562,0,3,0,7,0,0,2,0,0,0,0,1,1,0,0,1,0,0,0,1,1,0
563,0,2,0,5,0,0,6,0,0,0,0,1,1,0,0,1,0,0,0,1,1,0
564,0,3,0,3,0,0,3,0,0,0,0,1,1,0,0,1,0,0,0,1,1,0
565,0,3,1,2,0,0,3,0,0,0,1,0,1,0,0,1,0,0,0,1,1,0
566,0,3,0,3,2,0,8,0,0,0,0,1,2,0,0,1,0,0,0,1,3,3
567,0,3,0,1,0,0,2,0,0,0,0,1,1,0,0,1,0,0,0,1,1,0
568,0,3,1,5,0,4,7,1,0,0,1,0,4,0,0,1,0,0,0,1,5,2
569,0,3,0,3,0,0,0,0,0,0,0,1,1,1,0,0,0,0,0,1,1,0
570,1,3,0,6,0,0,2,0,0,0,0,1,1,0,0,1,0,0,0,1,1,0
571,1,2,0,9,0,0,4,0,0,0,0,1,1,0,0,1,0,0,0,1,1,0
572,1,1,1,9,2,0,10,1,0,0,1,0,1,0,0,1,1,0,0,0,3,3
573,1,1,0,7,0,0,8,0,0,0,0,1,1,0,0,1,0,1,0,0,1,0
574,1,3,1,2,0,0,1,0,0,0,1,0,1,0,1,0,0,0,0,1,1,0
575,0,3,0,0,0,0,3,0,0,0,0,1,1,0,0,1,0,0,0,1,1,0
576,0,3,0,1,0,0,6,0,0,0,0,1,2,0,0,1,0,0,0,1,1,0
577,1,2,1,6,0,0,5,0,0,0,1,0,1,0,0,1,0,0,0,1,1,0
578,1,1,1,7,1,0,10,1,0,0,1,0,2,0,0,1,0,1,0,0,2,3
579,0,3,1,2,1,0,6,1,0,0,1,0,1,1,0,0,0,0,0,1,2,3
580,1,3,0,6,0,0,3,0,0,0,0,1,1,0,0,1,0,0,0,1,1,0
581,1,2,1,3,1,1,9,0,0,0,1,0,1,0,0,1,0,0,0,1,3,3
582,1,1,1,7,1,1,12,1,0,0,1,0,4,1,0,0,1,0,0,0,3,3
583,0,2,0,9,0,0,8,0,0,0,0,1,2,0,0,1,0,0,0,1,1,0
584,0,1,0,7,0,0,10,0,0,0,0,1,1,1,0,0,1,0,0,0,1,0
585,0,3,0,3,0,0,4,0,0,0,0,1,1,1,0,0,0,0,0,1,1,0
586,1,1,1,1,0,2,11,0,0,0,1,0,3,0,0,1,0,1,0,0,3,3
587,0,2,0,8,0,0,6,0,0,0,0,1,1,0,0,1,0,0,0,1,1,0
588,1,1,0,9,1,1,11,0,0,0,0,1,1,1,0,0,1,0,0,0,3,3
589,0,3,0,2,0,0,3,0,0,0,0,1,1,0,0,1,0,0,0,1,1,0
590,0,3,0,3,0,0,3,0,0,0,0,1,1,0,0,1,0,0,0,1,1,0
591,0,3,0,7,0,0,0,0,0,0,0,1,1,0,0,1,0,0,0,1,1,0
592,1,1,1,9,1,0,11,1,0,0,1,0,2,1,0,0,0,1,0,0,2,3
593,0,3,0,8,0,0,1,0,0,0,0,1,1,0,0,1,0,0,0,1,1,0
594,0,3,1,2,0,2,1,0,0,0,1,0,1,0,1,0,0,0,0,1,3,3
595,0,2,0,7,1,0,8,0,0,0,0,1,1,0,0,1,0,0,0,1,2,3
596,0,3,0,7,1,1,8,0,0,0,0,1,3,0,0,1,0,0,0,1,3,3
597,1,2,1,5,0,0,9,0,0,0,1,0,3,0,0,1,0,0,0,1,1,0
598,0,3,0,9,0,0,0,0,0,0,0,1,4,0,0,1,0,0,0,1,1,0
599,0,3,0,3,0,0,0,0,0,0,0,1,1,1,0,0,0,0,0,1,1,0
600,1,1,0,9,1,0,11,0,1,0,0,0,2,1,0,0,1,0,0,0,2,3
601,1,2,1,3,2,1,9,1,0,0,1,0,2,0,0,1,0,0,0,1,4,3
602,0,3,0,3,0,0,2,0,0,0,0,1,1,0,0,1,0,0,0,1,1,0
603,0,1,0,7,0,0,10,0,0,0,0,1,1,0,0,1,0,0,0,1,1,0
604,0,3,0,8,0,0,3,0,0,0,0,1,1,0,0,1,0,0,0,1,1,0
605,1,1,0,7,0,0,8,0,0,0,0,1,1,1,0,0,0,0,0,1,1,0
606,0,3,0,7,1,0,6,0,0,0,0,1,1,0,0,1,0,0,0,1,2,3
607,0,3,0,5,0,0,2,0,0,0,0,1,1,0,0,1,0,0,0,1,1,0
608,1,1,0,5,0,0,9,0,0,0,0,1,1,0,0,1,0,0,0,1,1,0
609,1,2,1,2,1,2,10,1,0,0,1,0,3,1,0,0,0,0,0,1,4,3
610,1,1,1,7,0,0,12,0,0,0,1,0,3,0,0,1,1,0,0,0,1,0
611,0,3,1,7,1,5,9,1,0,0,1,0,7,0,0,1,0,0,0,1,7,1
612,0,3,0,3,0,0,0,0,0,0,0,1,1,0,0,1,0,0,0,1,1,0
613,1,3,1,2,1,0,6,0,0,0,1,0,2,0,1,0,0,0,0,1,2,3
614,0,3,0,3,0,0,1,0,0,0,0,1,1,0,1,0,0,0,0,1,1,0
615,0,3,0,7,0,0,3,0,0,0,0,1,1,0,0,1,0,0,0,1,1,0
616,1,2,1,3,1,2,11,0,0,0,1,0,2,0,0,1,0,0,0,1,4,3
617,0,3,0,6,1,1,6,0,0,0,0,1,2,0,0,1,0,0,0,1,3,3
618,0,3,1,4,1,0,7,1,0,0,1,0,2,0,0,1,0,0,0,1,2,3
619,1,2,1,0,2,1,10,0,0,0,1,0,2,0,0,1,0,0,1,0,4,3
620,0,2,0,4,0,0,4,0,0,0,0,1,1,0,0,1,0,0,0,1,1,0
621,0,3,0,5,1,0,6,0,0,0,0,1,2,1,0,0,0,0,0,1,2,3
622,1,1,0,8,1,0,10,0,0,0,0,1,1,0,0,1,0,1,0,0,2,3
623,1,3,0,1,1,1,6,0,0,0,0,1,2,1,0,0,0,0,0,1,3,3
624,0,3,0,2,0,0,2,0,0,0,0,1,1,0,0,1,0,0,0,1,1,0
625,0,3,0,2,0,0,7,0,0,0,0,1,2,0,0,1,0,0,0,1,1,0
626,0,1,0,9,0,0,9,0,0,0,0,1,1,0,0,1,0,1,0,0,1,0
627,0,2,0,9,0,0,5,0,1,0,0,0,1,0,1,0,0,0,0,1,1,0
628,1,1,1,2,0,0,11,0,0,0,1,0,3,0,0,1,0,1,0,0,1,0
629,0,3,0,4,0,0,2,0,0,0,0,1,1,0,0,1,0,0,0,1,1,0
630,0,3,0,3,0,0,1,0,0,0,0,1,1,0,1,0,0,0,0,1,1,0
631,1,1,0,9,0,0,9,0,0,0,0,1,1,0,0,1,1,0,0,0,1,0
632,0,3,0,9,0,0,0,0,0,0,0,1,1,0,0,1,0,0,0,1,1,0
633,1,1,0,6,0,0,9,0,1,0,0,0,1,1,0,0,1,0,0,0,1,0
634,0,1,0,7,0,0,0,0,0,0,0,1,1,0,0,1,0,0,0,1,1,0
635,0,3,1,0,3,2,9,0,0,0,1,0,6,0,0,1,0,0,0,1,6,2
636,1,2,1,5,0,0,5,0,0,0,1,0,1,0,0,1,0,0,0,1,1,0
637,0,3,0,6,0,0,3,0,0,0,0,1,1,0,0,1,0,0,0,1,1,0
638,0,2,0,6,1,1,8,0,0,0,0,1,3,0,0,1,0,0,0,1,3,3
639,0,3,1,8,0,5,10,1,0,0,1,0,6,0,0,1,0,0,0,1,6,2
640,0,3,0,3,1,0,7,0,0,0,0,1,2,0,0,1,0,0,0,1,2,3
641,0,3,0,1,0,0,2,0,0,0,0,1,1,0,0,1,0,0,0,1,1,0
642,1,1,1,3,0,0,11,0,0,0,1,0,2,1,0,0,1,0,0,0,1,0
643,0,3,1,0,3,2,9,0,0,0,1,0,6,0,0,1,0,0,0,1,6,2
644,1,3,0,3,0,0,11,0,0,0,0,1,7,0,0,1,0,0,0,1,1,0
645,1,3,1,0,2,1,7,0,0,0,1,0,4,1,0,0,0,0,0,1,4,3
646,1,1,0,9,1,0,11,0,0,0,0,1,3,1,0,0,0,1,0,0,2,3
647,0,3,0,1,0,0,2,0,0,0,0,1,1,0,0,1,0,0,0,1,1,0
648,1,1,0,9,0,0,10,0,1,0,0,0,1,1,0,0,1,0,0,0,1,0
649,0,3,0,3,0,0,1,0,0,0,0,1,1,0,0,1,0,0,0,1,1,0
650,1,3,1,3,0,0,1,0,0,0,1,0,1,0,0,1,0,0,0,1,1,0
651,0,3,0,3,0,0,2,0,0,0,0,1,1,0,0,1,0,0,0,1,1,0
652,1,2,1,1,0,1,7,0,0,0,1,0,2,0,0,1,0,0,0,1,2,3
653,0,3,0,2,0,0,4,0,0,0,0,1,1,0,0,1,0,0,0,1,1,0
654,1,3,1,2,0,0,2,0,0,0,1,0,1,0,1,0,0,0,0,1,1,0
655,0,3,1,1,0,0,0,0,0,0,1,0,1,0,1,0,0,0,0,1,1,0
656,0,2,0,3,2,0,11,0,0,0,0,1,5,0,0,1,0,0,0,1,3,3
657,0,3,0,3,0,0,2,0,0,0,0,1,1,0,0,1,0,0,0,1,1,0
658,0,3,1,6,1,1,6,1,0,0,1,0,2,0,1,0,0,0,0,1,3,3
659,0,2,0,3,0,0,5,0,0,0,0,1,1,0,0,1,0,0,0,1,1,0
660,0,1,0,9,0,2,12,0,0,0,0,1,3,1,0,0,0,1,0,0,3,3
661,1,1,0,9,2,0,12,0,1,0,0,0,2,0,0,1,0,0,0,1,3,3
662,0,3,0,7,0,0,0,0,0,0,0,1,1,1,0,0,0,0,0,1,1,0
663,0,1,0,8,0,0,8,0,0,0,0,1,1,0,0,1,0,1,0,0,1,0
664,0,3,0,7,0,0,1,0,0,0,0,1,1,0,0,1,0,0,0,1,1,0
665,1,3,0,1,1,0,3,0,0,0,0,1,1,0,0,1,0,0,0,1,2,3
666,0,2,0,6,2,0,11,0,0,0,0,1,5,0,0,1,0,0,0,1,3,3
667,0,2,0,3,0,0,5,0,0,0,0,1,1,0,0,1,0,0,0,1,1,0
668,0,3,0,3,0,0,2,0,0,0,0,1,1,0,0,1,0,0,0,1,1,0
669,0,3,0,8,0,0,3,0,0,0,0,1,1,0,0,1,0,0,0,1,1,0
670,1,1,1,7,1,0,10,1,0,0,1,0,2,0,0,1,1,0,0,0,2,3
671,1,2,1,7,1,1,10,1,0,0,1,0,2,0,0,1,0,0,0,1,3,3
672,0,1,0,6,1,0,10,0,0,0,0,1,1,0,0,1,1,0,0,0,2,3
673,0,2,0,9,0,0,4,0,0,0,0,1,1,0,0,1,0,0,0,1,1,0
674,1,2,0,6,0,0,5,0,0,0,0,1,1,0,0,1,0,0,0,1,1,0
675,0,2,0,5,0,0,0,0,0,0,0,1,1,0,0,1,0,0,0,1,1,0
676,0,3,0,1,0,0,2,0,0,0,0,1,1,0,0,1,0,0,0,1,1,0
677,0,3,0,3,0,0,3,0,0,0,0,1,1,0,0,1,0,0,0,1,1,0
678,1,3,1,1,0,0,4,0,0,0,1,0,1,0,0,1,0,0,0,1,1,0
679,0,3,1,8,1,6,10,1,0,0,1,0,6,0,0,1,0,0,0,1,8,1
680,1,1,0,7,0,1,12,0,0,0,0,1,3,1,0,0,1,0,0,0,2,3
681,0,3,1,2,0,0,4,0,0,0,1,0,1,0,1,0,0,0,0,1,1,0
682,1,1,0,5,0,0,11,0,0,0,0,1,3,1,0,0,0,1,0,0,1,0
683,0,3,0,1,0,0,4,0,0,0,0,1,1,0,0,1,0,0,0,1,1,0
684,0,3,0,0,5,2,10,0,0,0,0,1,6,0,0,1,0,0,0,1,8,1
685,0,2,0,9,1,1,10,0,0,0,0,1,2,0,0,1,0,0,0,1,3,3
686,0,2,0,3,1,2,10,0,0,0,0,1,3,1,0,0,0,0,0,1,4,3
687,0,3,0,0,4,1,10,0,0,0,0,1,6,0,0,1,0,0,0,1,6,2
688,0,3,0,1,0,0,4,0,0,0,0,1,1,0,0,1,0,0,0,1,1,0
689,0,3,0,1,0,0,2,0,0,0,0,1,1,0,0,1,0,0,0,1,1,0
690,1,1,1,0,0,1,12,0,0,0,1,0,3,0,0,1,1,0,0,0,2,3
691,1,1,0,6,1,0,11,0,0,0,0,1,2,0,0,1,1,0,0,0,2,3
692,1,3,1,0,0,1,6,0,0,0,1,0,1,1,0,0,0,0,0,1,2,3
693,1,3,0,3,0,0,11,0,0,0,0,1,7,0,0,1,0,0,0,1,1,0
694,0,3,0,3,0,0,0,0,0,0,0,1,1,1,0,0,0,0,0,1,1,0
695,0,1,0,9,0,0,8,0,1,0,0,0,1,0,0,1,0,0,0,1,1,0
696,0,2,0,9,0,0,6,0,0,0,0,1,1,0,0,1,0,0,0,1,1,0
697,0,3,0,8,0,0,3,0,0,0,0,1,1,0,0,1,0,0,0,1,1,0
698,1,3,1,2,0,0,1,0,0,0,1,0,1,0,1,0,0,0,0,1,1,0
699,0,1,0,9,1,1,12,0,0,0,0,1,4,1,0,0,1,0,0,0,3,3
700,0,3,0,8,0,0,1,0,0,0,0,1,1,0,0,1,0,0,1,0,1,0
701,1,1,1,1,1,0,12,1,0,0,1,0,4,1,0,0,1,0,0,0,2,3
702,1,1,0,7,0,0,8,0,0,0,0,1,1,0,0,1,0,1,0,0,1,0
703,0,3,1,1,0,1,6,0,0,0,1,0,2,1,0,0,0,0,0,1,2,3
704,0,3,0,3,0,0,1,0,0,0,0,1,1,0,1,0,0,0,0,1,1,0
705,0,3,0,4,1,0,2,0,0,0,0,1,1,0,0,1,0,0,0,1,2,3
706,0,2,0,7,0,0,8,0,0,0,0,1,2,0,0,1,0,0,0,1,1,0
707,1,2,1,8,0,0,6,1,0,0,1,0,1,0,0,1,0,0,0,1,1,0
708,1,1,0,8,0,0,8,0,0,0,0,1,1,0,0,1,0,1,0,0,1,0
709,1,1,1,2,0,0,12,0,0,0,1,0,4,0,0,1,0,0,0,1,1,0
710,1,3,0,3,1,1,6,0,0,1,0,0,2,1,0,0,0,0,0,1,3,3
711,1,1,1,3,0,0,10,0,0,0,1,0,1,1,0,0,1,0,0,0,1,0
712,0,1,0,7,0,0,8,0,0,0,0,1,1,0,0,1,1,0,0,0,1,0
713,1,1,0,9,1,0,10,0,0,0,0,1,2,0,0,1,1,0,0,0,2,3
714,0,3,0,5,0,0,4,0,0,0,0,1,1,0,0,1,0,0,0,1,1,0
715,0,2,0,9,0,0,5,0,0,0,0,1,2,0,0,1,0,0,0,1,1,0
716,0,3,0,1,0,0,1,0,0,0,0,1,1,0,0,1,0,0,1,0,1,0
717,1,1,1,7,0,0,12,0,0,0,1,0,4,1,0,0,1,0,0,0,1,0
718,1,2,1,5,0,0,4,0,0,0,1,0,1,0,0,1,0,1,0,0,1,0
719,0,3,0,3,0,0,6,0,0,0,0,1,1,0,1,0,0,0,0,1,1,0
720,0,3,0,6,0,0,2,0,0,0,0,1,1,0,0,1,0,0,0,1,1,0
721,1,2,1,0,0,1,9,0,0,0,1,0,3,0,0,1,0,0,0,1,2,3
722,0,3,0,1,1,0,0,0,0,0,0,1,1,0,0,1,0,0,0,1,2,3
723,0,2,0,6,0,0,5,0,0,0,0,1,1,0,0,1,0,0,0,1,1,0
724,0,2,0,9,0,0,5,0,0,0,0,1,1,0,0,1,0,0,0,1,1,0
725,1,1,0,5,1,0,10,0,0,0,0,1,2,0,0,1,0,1,0,0,2,3
726,0,3,0,1,0,0,4,0,0,0,0,1,1,0,0,1,0,0,0,1,1,0
727,1,2,1,5,3,0,7,1,0,0,1,0,2,0,0,1,0,0,0,1,4,3
728,1,3,1,2,0,0,1,0,0,0,1,0,1,0,1,0,0,0,0,1,1,0
729,0,2,0,3,1,0,8,0,0,0,0,1,1,0,0,1,0,0,0,1,2,3
730,0,3,1,3,1,0,3,0,0,0,1,0,1,0,0,1,0,0,0,1,2,3
731,1,1,1,5,0,0,12,0,0,0,1,0,3,0,0,1,1,0,0,0,1,0
732,0,3,0,0,0,0,7,0,0,0,0,1,2,1,0,0,0,0,0,1,1,0
733,0,2,0,5,0,0,0,0,0,0,0,1,1,0,0,1,0,0,0,1,1,0
734,0,2,0,3,0,0,5,0,0,0,0,1,1,0,0,1,0,0,0,1,1,0
735,0,2,0,3,0,0,5,0,0,0,0,1,1,0,0,1,0,0,0,1,1,0
736,0,3,0,5,0,0,7,0,0,0,0,1,2,0,0,1,0,0,0,1,1,0
737,0,3,1,9,1,3,10,1,0,0,1,0,4,0,0,1,0,0,0,1,5,2
738,1,1,0,7,0,0,12,0,0,0,0,1,3,1,0,0,1,0,0,0,1,0
739,0,3,0,3,0,0,2,0,0,0,0,1,1,0,0,1,0,0,0,1,1,0
740,0,3,0,3,0,0,2,0,0,0,0,1,1,0,0,1,0,0,0,1,1,0
741,1,1,0,7,0,0,9,0,0,0,0,1,1,0,0,1,0,1,0,0,1,0
742,0,1,0,7,1,0,11,0,0,0,0,1,2,0,0,1,1,0,0,0,2,3
743,1,1,1,2,2,2,12,0,0,0,1,0,2,1,0,0,1,0,0,0,5,2
744,0,3,0,3,1,0,7,0,0,0,0,1,1,0,0,1,0,0,0,1,2,3
745,1,3,0,6,0,0,3,0,0,0,0,1,1,0,0,1,0,0,0,1,1,0
746,0,1,0,9,1,1,11,0,1,0,0,0,2,0,0,1,1,0,0,0,3,3
747,0,3,0,0,1,1,7,0,0,0,0,1,2,0,0,1,0,0,0,1,3,3
748,1,2,1,5,0,0,5,0,0,0,1,0,1,0,0,1,0,0,0,1,1,0
749,0,1,0,1,1,0,10,0,0,0,0,1,1,0,0,1,0,1,0,0,2,3
750,0,3,0,6,0,0,1,0,0,0,0,1,1,0,1,0,0,0,0,1,1,0
751,1,2,1,0,1,1,7,0,0,0,1,0,1,0,0,1,0,0,0,1,3,3
752,1,3,0,0,0,1,5,0,0,1,0,0,2,0,0,1,0,1,0,0,2,3
753,0,3,0,6,0,0,4,0,0,0,0,1,1,0,0,1,0,0,0,1,1,0
754,0,3,0,3,0,0,2,0,0,0,0,1,1,0,0,1,0,0,0,1,1,0
755,1,2,1,9,1,2,11,1,0,0,1,0,2,0,0,1,0,0,0,1,4,3
756,1,2,0,0,1,1,6,0,0,1,0,0,2,0,0,1,0,0,0,1,3,3
757,0,3,0,5,0,0,2,0,0,0,0,1,1,0,0,1,0,0,0,1,1,0
758,0,2,0,1,0,0,5,0,0,0,0,1,1,0,0,1,0,0,0,1,1,0
759,0,3,0,6,0,0,3,0,0,0,0,1,1,0,0,1,0,0,0,1,1,0
760,1,1,1,6,0,0,12,0,0,0,1,0,3,0,0,1,1,0,0,0,1,0
761,0,3,0,3,0,0,6,0,0,0,0,1,2,0,0,1,0,0,0,1,1,0
762,0,3,0,8,0,0,0,0,0,0,0,1,1,0,0,1,0,0,0,1,1,0
763,1,3,0,1,0,0,0,0,0,0,0,1,1,1,0,0,0,0,0,1,1,0
764,1,1,1,7,1,2,12,1,0,0,1,0,4,0,0,1,1,0,0,0,4,3
765,0,3,0,0,0,0,2,0,0,0,0,1,1,0,0,1,0,0,0,1,1,0
766,1,1,1,9,1,0,11,1,0,0,1,0,3,0,0,1,0,1,0,0,2,3
767,0,1,0,7,0,0,10,0,1,0,0,0,1,1,0,0,0,0,0,1,1,0
768,0,3,1,6,0,0,1,0,0,0,1,0,1,0,1,0,0,0,0,1,1,0
769,0,3,0,3,1,0,8,0,0,0,0,1,3,0,1,0,0,0,0,1,2,3
770,0,3,0,6,0,0,4,0,0,0,0,1,1,0,0,1,0,0,0,1,1,0
771,0,3,0,3,0,0,4,0,0,0,0,1,1,0,0,1,0,0,0,1,1,0
772,0,3,0,9,0,0,2,0,0,0,0,1,1,0,0,1,0,0,0,1,1,0
773,0,2,1,9,0,0,4,1,0,0,1,0,2,0,0,1,0,1,0,0,1,0
774,0,3,0,3,0,0,0,0,0,0,0,1,1,1,0,0,0,0,0,1,1,0
775,1,2,1,9,1,3,7,1,0,0,1,0,1,0,0,1,0,0,0,1,5,2
776,0,3,0,1,0,0,1,0,0,0,0,1,1,0,0,1,0,0,0,1,1,0
777,0,3,0,3,0,0,1,0,0,0,0,1,1,0,1,0,0,0,1,0,1,0
778,1,3,1,0,0,0,5,0,0,0,1,0,2,0,0,1,0,0,0,1,1,0
779,0,3,0,3,0,0,1,0,0,0,0,1,1,0,1,0,0,0,0,1,1,0
780,1,1,1,8,0,1,12,1,0,0,1,0,3,0,0,1,1,0,0,0,2,3
781,1,3,1,0,0,0,0,0,0,0,1,0,1,1,0,0,0,0,0,1,1,0
782,1,1,1,1,1,0,11,1,0,0,1,0,2,0,0,1,1,0,0,0,2,3
783,0,1,0,5,0,0,9,0,0,0,0,1,1,0,0,1,0,1,0,0,1,0
784,0,3,0,3,1,2,7,0,0,0,0,1,2,0,0,1,0,0,0,1,4,3
785,0,3,0,3,0,0,0,0,0,0,0,1,1,0,0,1,0,0,0,1,1,0
786,0,3,0,3,0,0,1,0,0,0,0,1,1,0,0,1,0,0,0,1,1,0
787,1,3,1,1,0,0,1,0,0,0,1,0,1,0,0,1,0,0,0,1,1,0
788,0,3,0,0,4,1,9,0,0,1,0,0,5,0,1,0,0,0,0,1,6,2
789,1,3,0,0,1,2,7,0,0,1,0,0,2,0,0,1,0,0,0,1,4,3
790,0,1,0,8,0,0,11,0,0,0,0,1,2,1,0,0,1,0,0,0,1,0
791,0,3,0,3,0,0,1,0,0,0,0,1,1,0,1,0,0,0,0,1,1,0
792,0,2,0,0,0,0,8,0,0,0,0,1,2,0,0,1,0,0,0,1,1,0
793,0,3,1,2,8,2,11,0,0,0,1,0,7,0,0,1,0,0,0,1,11,1
794,0,1,0,7,0,0,9,0,0,0,0,1,1,1,0,0,0,0,0,1,1,0
795,0,3,0,3,0,0,2,0,0,0,0,1,1,0,0,1,0,0,0,1,1,0
796,0,2,0,7,0,0,5,0,0,0,0,1,1,0,0,1,0,0,0,1,1,0
797,1,1,1,9,0,0,8,0,1,0,0,0,1,0,0,1,0,1,0,0,1,0
798,1,3,1,6,0,0,4,1,0,0,1,0,1,0,0,1,0,0,0,1,1,0
799,0,3,0,5,0,0,0,0,0,0,0,1,1,1,0,0,0,0,0,1,1,0
800,0,3,1,5,1,1,8,1,0,0,1,0,3,0,0,1,0,0,0,1,3,3
801,0,2,0,6,0,0,5,0,0,0,0,1,2,0,0,1,0,0,0,1,1,0
802,1,2,1,6,1,1,8,1,0,0,1,0,3,0,0,1,0,0,0,1,3,3
803,1,1,0,0,1,2,12,0,0,1,0,0,4,0,0,1,1,0,0,0,4,3
804,1,3,0,0,0,1,4,0,0,1,0,0,1,1,0,0,0,0,0,1,2,3
805,1,3,0,5,0,0,0,0,0,0,0,1,1,0,0,1,0,0,0,1,1,0
806,0,3,0,6,0,0,2,0,0,0,0,1,1,0,0,1,0,0,0,1,1,0
807,0,1,0,7,0,0,0,0,0,0,0,1,1,0,0,1,1,0,0,0,1,0
808,0,3,1,1,0,0,2,0,0,0,1,0,1,0,0,1,0,0,0,1,1,0
809,0,2,0,7,0,0,5,0,0,0,0,1,1,0,0,1,0,0,0,1,1,0
810,1,1,1,6,1,0,10,1,0,0,1,0,2,0,0,1,0,1,0,0,2,3
811,0,3,0,4,0,0,2,0,0,0,0,1,1,0,0,1,0,0,0,1,1,0
812,0,3,0,7,0,0,8,0,0,0,0,1,2,0,0,1,0,0,0,1,1,0
813,0,2,0,7,0,0,4,0,0,0,0,1,1,0,0,1,0,0,0,1,1,0
814,0,3,1,0,4,2,9,0,0,0,1,0,7,0,0,1,0,0,0,1,7,1
815,0,3,0,6,0,0,3,0,0,0,0,1,1,0,0,1,0,0,0,1,1,0
816,0,1,0,7,0,0,0,0,0,0,0,1,1,0,0,1,1,0,0,0,1,0
817,0,3,1,3,0,0,3,0,0,0,1,0,1,0,0,1,0,0,0,1,1,0
818,0,2,0,6,1,1,10,0,0,0,0,1,2,1,0,0,0,0,0,1,3,3
819,0,3,0,8,0,0,0,0,0,0,0,1,1,0,0,1,0,0,0,1,1,0
820,0,3,0,0,3,2,9,0,0,1,0,0,6,0,0,1,0,0,0,1,6,2
821,1,1,1,9,1,1,12,1,0,0,1,0,2,0,0,1,1,0,0,0,3,3
822,1,3,0,5,0,0,4,0,0,0,0,1,1,0,0,1,0,0,0,1,1,0
823,0,1,0,7,0,0,0,0,1,0,0,0,1,0,0,1,0,0,0,1,1,0
824,1,3,1,5,0,1,5,1,0,0,1,0,2,0,0,1,0,1,0,0,2,3
825,0,3,0,0,4,1,10,0,0,1,0,0,6,0,0,1,0,0,0,1,6,2
826,0,3,0,3,0,0,0,0,0,0,0,1,1,0,1,0,0,0,0,1,1,0
827,0,3,0,3,0,0,11,0,0,0,0,1,7,0,0,1,0,0,0,1,1,0
828,1,2,0,0,0,2,10,0,0,1,0,0,2,1,0,0,0,0,0,1,3,3
829,1,3,0,3,0,0,1,0,0,0,0,1,1,0,1,0,0,0,0,1,1,0
830,1,1,1,9,0,0,11,1,0,0,1,0,2,0,0,1,1,0,0,0,1,0
831,1,3,1,0,1,0,6,1,0,0,1,0,2,1,0,0,0,0,0,1,2,3
832,1,2,0,0,1,1,7,0,0,1,0,0,3,0,0,1,0,0,0,1,3,3
833,0,3,0,3,0,0,0,0,0,0,0,1,1,1,0,0,0,0,0,1,1,0
834,0,3,0,3,0,0,2,0,0,0,0,1,1,0,0,1,0,0,0,1,1,0
835,0,3,0,1,0,0,4,0,0,0,0,1,1,0,0,1,0,0,0,1,1,0
836,1,1,1,7,1,1,11,0,0,0,1,0,1,1,0,0,0,1,0,0,3,3
837,0,3,0,2,0,0,4,0,0,0,0,1,1,0,0,1,0,0,0,1,1,0
838,0,3,0,3,0,0,3,0,0,0,0,1,1,0,0,1,0,0,0,1,1,0
839,1,3,0,6,0,0,11,0,0,0,0,1,7,0,0,1,0,0,0,1,1,0
840,1,1,0,7,0,0,9,0,0,0,0,1,1,1,0,0,1,0,0,0,1,0
841,0,3,0,1,0,0,3,0,0,0,0,1,1,0,0,1,0,0,0,1,1,0
842,0,2,0,0,0,0,4,0,0,0,0,1,2,0,0,1,0,0,0,1,1,0
843,1,1,1,5,0,0,9,0,0,0,1,0,2,1,0,0,0,0,0,1,1,0
844,0,3,0,7,0,0,0,0,0,0,0,1,1,1,0,0,0,0,0,1,1,0
845,0,3,0,1,0,0,4,0,0,0,0,1,1,0,0,1,0,0,0,1,1,0
846,0,3,0,8,0,0,1,0,0,0,0,1,1,0,0,1,0,0,0,1,1,0
847,0,3,0,3,8,2,11,0,0,0,0,1,7,0,0,1,0,0,0,1,11,1
848,0,3,0,7,0,0,2,0,0,0,0,1,1,1,0,0,0,0,0,1,1,0
849,0,2,0,5,0,1,9,0,1,0,0,0,3,0,0,1,0,0,0,1,2,3
850,1,1,1,7,1,0,12,1,0,0,1,0,2,1,0,0,1,0,0,0,2,3
851,0,3,0,0,4,2,9,0,0,1,0,0,7,0,0,1,0,0,0,1,7,1
852,0,3,0,9,0,0,2,0,0,0,0,1,1,0,0,1,0,0,0,1,1,0
853,0,3,1,0,1,1,6,0,0,0,1,0,2,1,0,0,0,0,0,1,3,3
854,1,1,1,0,0,1,10,0,0,0,1,0,1,0,0,1,0,1,0,0,2,3
855,0,2,1,8,1,0,8,1,0,0,1,0,2,0,0,1,0,0,0,1,2,3
856,1,3,1,1,0,1,4,1,0,0,1,0,1,0,0,1,0,0,0,1,2,3
857,1,1,1,8,1,1,12,1,0,0,1,0,2,0,0,1,0,0,0,1,3,3
858,1,1,0,9,0,0,8,0,0,0,0,1,1,0,0,1,0,1,0,0,1,0
859,1,3,1,3,0,3,7,1,0,0,1,0,4,1,0,0,0,0,0,1,4,3
860,0,3,0,3,0,0,0,0,0,0,0,1,1,1,0,0,0,0,0,1,1,0
861,0,3,0,8,2,0,6,0,0,0,0,1,1,0,0,1,0,0,0,1,3,3
862,0,2,0,2,1,0,5,0,0,0,0,1,1,0,0,1,0,0,0,1,2,3
863,1,1,1,9,0,0,8,1,0,0,1,0,1,0,0,1,0,1,0,0,1,0
864,0,3,1,2,8,2,11,0,0,0,1,0,7,0,0,1,0,0,0,1,11,1
865,0,2,0,3,0,0,5,0,0,0,0,1,1,0,0,1,0,0,0,1,1,0
866,1,2,1,8,0,0,5,1,0,0,1,0,1,0,0,1,0,0,0,1,1,0
867,1,2,1,5,1,0,6,0,0,0,1,0,1,1,0,0,0,0,0,1,2,3
868,0,1,0,6,0,0,10,0,0,0,0,1,1,0,0,1,1,0,0,0,1,0
869,0,3,0,3,0,0,4,0,0,0,0,1,1,0,0,1,0,0,0,1,1,0
870,1,3,0,0,1,1,5,0,0,1,0,0,3,0,0,1,0,0,0,1,3,3
871,0,3,0,4,0,0,2,0,0,0,0,1,1,0,0,1,0,0,0,1,1,0
872,1,1,1,8,1,1,10,1,0,0,1,0,2,0,0,1,0,1,0,0,3,3
873,0,1,0,6,0,0,0,0,0,0,0,1,1,0,0,1,1,0,0,0,1,0
874,0,3,0,8,0,0,4,0,0,0,0,1,1,0,0,1,0,0,0,1,1,0
875,1,2,1,5,1,0,7,1,0,0,1,0,2,1,0,0,0,0,0,1,2,3
876,1,3,1,0,0,0,0,0,0,0,1,0,1,1,0,0,0,0,0,1,1,0
877,0,3,0,1,0,0,4,0,0,0,0,1,2,0,0,1,0,0,0,1,1,0
878,0,3,0,1,0,0,2,0,0,0,0,1,1,0,0,1,0,0,0,1,1,0
879,0,3,0,3,0,0,2,0,0,0,0,1,1,0,0,1,0,0,0,1,1,0
880,1,1,1,9,0,1,11,1,0,0,1,0,2,1,0,0,1,0,0,0,2,3
881,1,2,1,3,0,1,8,1,0,0,1,0,2,0,0,1,0,0,0,1,2,3
882,0,3,0,6,0,0,2,0,0,0,0,1,1,0,0,1,0,0,0,1,1,0
883,0,3,1,2,0,0,5,0,0,0,1,0,1,0,0,1,0,0,0,1,1,0
884,0,2,0,5,0,0,4,0,0,0,0,1,1,0,0,1,0,0,0,1,1,0
885,0,3,0,3,0,0,0,0,0,0,0,1,1,0,0,1,0,0,0,1,1,0
886,0,3,1,7,0,5,9,1,0,0,1,0,5,0,1,0,0,0,0,1,6,2
887,0,2,0,5,0,0,5,0,1,0,0,0,1,0,0,1,0,0,0,1,1,0
888,1,1,1,1,0,0,9,0,0,0,1,0,1,0,0,1,1,0,0,0,1,0
889,0,3,1,2,1,2,7,0,0,0,1,0,2,0,0,1,0,0,0,1,4,3
890,1,1,0,4,0,0,9,0,0,0,0,1,1,1,0,0,1,0,0,0,1,0
891,0,3,0,6,0,0,1,0,0,0,0,1,1,0,1,0,0,0,0,1,1,0
